SampleID,X,Y,Pb,Cu,Zn
1,531990.07,4417573.05,40,15,50
2,531952.17,4417602.94,40,10,25
3,531912.72,4417632.48,55,23,30
4,531874.49,4417660.84,35,15,50
5,531836.42,4417690.01,35,18,60
6,531797.89,4417718.65,30,15,55
7,531759.45,4417747.32,30,15,55
8,531720.15,4417776.82,40,5,35
9,531682.5,4417805.05,35,15,70
10,531644.19,4417833.33,35,15,60
11,531604.82,4417863.14,35,23,80
12,531567.59,4417891.03,25,20,75
13,531529.21,4417918.84,25,23,80
14,531491.2,4417948.05,25,20,90
15,531452.16,4417977.63,25,18,90
16,531412.65,4418007.11,105,33,115
17,531373.36,4418035.89,35,20,90
18,531335.04,4418064.76,35,20,90
19,531295.98,4418093.99,40,20,70
20,531257.82,4418122.74,30,23,85
21,531219.89,4418151.7,35,18,75
22,532044.08,4417654.77,50,10,25
23,532006.25,4417684.04,60,8,20
24,531967.18,4417714.09,50,10,15
25,531928.48,4417742.45,45,20,75
26,531890.51,4417771.39,45,13,65
27,531851.87,4417800.15,35,13,65
28,531813.66,4417828.26,35,15,70
29,531774.34,4417858.02,45,10,60
30,531736.78,4417887.08,40,15,75
31,531698.19,4417916.11,35,18,80
32,531659.53,4417945.57,30,20,80
33,531623.32,4417973.38,30,25,90
34,531583.42,4418002.14,25,20,85
35,531545.69,4418030.79,50,40,115
36,531506.54,4418059.86,30,25,85
37,531467.81,4418089.25,55,30,75
38,531428.07,4418119.04,25,23,70
39,531389.54,4418147.72,35,35,80
40,531351.08,4418176.62,40,15,45
41,531312.38,4418205.86,25,28,110
42,531275.08,4418234.28,25,50,125
43,532097.26,4417734.33,40,15,45
44,532059.25,4417763.86,30,8,20
45,532019.26,4417793.77,31,5,10
46,531981,4417821.98,35,13,50
47,531942.77,4417851.05,30,28,75
48,531904.57,4417879.81,40,10,70
49,531866.79,4417908.71,35,15,70
50,531827.6,4417938.06,35,15,75
51,531789.36,4417966.96,35,15,70
52,531751.21,4417996.24,30,25,85
53,531712.92,4418025.11,35,28,90
54,531675.1,4418053.95,35,20,100
55,531637.18,4418082,30,175,115
56,531599.03,4418111.25,30,65,95
57,531559.71,4418140.39,30,350,75
58,531521.34,4418170.17,30,255,60
59,531482.02,4418200.08,50,28,70
60,531444,4418228.42,40,30,95
61,531405.58,4418257.47,20,10,25
62,531366.41,4418286.83,35,38,120
63,531329.2,4418315.7,25,50,120
64,532153.69,4417820.74,40,15,25
65,532115.65,4417849.82,30,8,15
66,532076.39,4417879.6,30,15,45
67,532037.67,4417907.97,30,20,60
68,531998.82,4417936.52,40,18,90
69,531960.66,4417965.42,45,18,85
70,531922.75,4417994.22,40,18,90
71,531883.92,4418023.12,35,18,55
72,531845.52,4418052.41,30,13,55
73,531807.12,4418080.96,70,43,110
74,531768.75,4418109.39,125,80,165
75,531730.25,4418137.99,45,45,125
76,531692.33,4418166.24,65,50,130
77,531654.46,4418194.66,35,20,85
78,531615.44,4418224.51,95,25,70
79,531576.04,4418253.59,65,38,130
80,531536.45,4418282.95,45,58,90
81,531498.48,4418311.73,55,50,105
82,531459.06,4418341.19,35,35,125
83,531421.62,4418369.63,40,30,100
84,531383.52,4418398.3,45,33,100
85,532206.52,4417900.77,30,15,35
86,532169.54,4417930.51,30,13,65
87,532129.92,4417960.54,30,15,105
88,532091.74,4417988.75,35,50,105
89,532052.77,4418017.84,35,20,115
90,532014.53,4418046.45,40,20,75
91,531976.22,4418075.09,60,28,130
92,531937.72,4418103.4,35,35,130
93,531899,4418132.96,40,40,105
94,531860.62,4418160.69,45,30,110
95,531822.19,4418189.48,165,88,70
96,531783.62,4418218.64,125,75,135
97,531745.98,4418246.39,390,130,205
98,531707.17,4418275.97,85,60,100
99,531668.81,4418305.78,550,145,190
100,531629.72,4418333.99,90,48,100
101,531590.12,4418364.54,45,35,105
102,531551.84,4418392.7,55,35,115
103,531513.52,4418421.27,65,33,100
104,531475.34,4418450.21,50,25,115
105,531437.32,4418479.21,90,30,115
106,532261.2,4417982.73,15,8,10
107,532223.85,4418012.23,25,20,25
108,532183.85,4418042.27,15,10,10
109,532145.6,4418071.07,25,18,40
110,532107,4418099.88,65,25,115
111,532068.41,4418128.06,60,35,160
112,532029.98,4418157.47,180,68,250
113,531992.04,4418186.83,110,53,235
114,531953.51,4418215.53,35,33,95
115,531915.01,4418243.36,40,25,100
116,531876.98,4418272.18,50,28,110
117,531838.15,4418301.39,75,50,120
118,531800.57,4418329.73,40,40,95
119,531761.9,4418358.76,30,20,15
120,531723.12,4418387.8,50,80,95
121,531683.94,4418417.64,225,800,125
122,531645.22,4418447.12,65,60,100
123,531607.05,4418475.53,50,28,70
124,531568.95,4418504.36,80,65,90
125,531530.16,4418533.4,95,55,120
126,531492.32,4418562.26,85,45,95
127,532315.93,4418065.92,20,23,55
128,532277.31,4418093.54,15,13,25
129,532236.71,4418122.86,15,15,70
130,532198.66,4418150.88,30,20,105
131,532159.8,4418180.64,135,25,135
132,532122.7,4418208.74,180,28,40
133,532083.48,4418237.96,1450,125,100
134,532045.28,4418266.17,1500,500,185
135,532006.42,4418295.53,50,43,70
136,531968.8,4418323.44,75,45,80
137,531930.54,4418351.78,35,18,60
138,531891.1,4418381.83,75,53,105
139,531853.71,4418409.92,85,90,90
140,531814.39,4418438.43,55,30,85
141,531776.29,4418467.82,1000,315,140
142,531737.11,4418497.25,90,115,120
143,531697.63,4418526.99,100,120,150
144,531659.78,4418554.84,85,130,145
145,531621.38,4418584.12,45,40,105
146,531583.19,4418612.74,45,33,95
147,531545.2,4418642.57,110,58,90
148,532598.94,4417974.22,45,8,25
149,532561.75,4418002.78,45,8,15
150,532523.73,4418031.94,30,10,30
151,532484.95,4418060.65,35,15,75
152,532448.44,4418088.44,35,23,110
153,532409.6,4418117.27,30,15,65
154,532370.57,4418146.67,30,18,80
155,532332.71,4418175.77,45,78,230
156,532292.2,4418205.83,40,20,85
157,532254.24,4418234.51,90,18,130
158,532215.69,4418263.08,145,38,370
159,532177.57,4418292.33,435,45,205
160,532139.07,4418321.97,300,65,100
161,532101.08,4418350.34,70,30,55
162,532062.6,4418380.55,70,28,50
163,532024.24,4418408.21,65,25,40
164,531986.77,4418436.37,102,30,40
165,531947.63,4418466.33,30,18,45
166,531909.73,4418494.33,1200,750,110
167,531870.7,4418523.66,640,295,200
168,531832.76,4418552.83,180,325,105
169,531792.99,4418582.77,175,150,115
170,531754.26,4418612.02,45,185,70
171,531716.09,4418640.12,40,70,75
172,531678.11,4418669.75,35,48,110
173,531640.27,4418698.78,30,78,100
174,531602.34,4418727.49,25,43,80
175,532651.87,4418054.47,45,10,30
176,532615.49,4418082.81,25,15,60
177,532576.7,4418112.07,40,23,80
178,532538.79,4418140.4,35,20,75
179,532501.66,4418168.21,35,15,75
180,532463.08,4418198,35,13,60
181,532423.4,4418227.42,35,15,95
182,532385.94,4418256.67,70,18,110
183,532345.99,4418285.91,50,15,65
184,532308.24,4418315.49,150,15,180
185,532268.98,4418344.48,65,23,95
186,532231.67,4418373.13,80,15,90
187,532192.39,4418402.61,95,90,45
188,532155.03,4418430.85,650,260,60
189,532115.84,4418460.38,150,38,120
190,532078.53,4418488.7,40,35,95
191,532040.12,4418518.06,225,50,25
192,532000.69,4418547.29,75,58,30
193,531963.65,4418575.59,25,155,50
194,531924.79,4418605.33,20,80,25
195,531886.8,4418634.98,15,170,35
196,531847.51,4418663.92,20,50,30
197,531808.28,4418693.99,120,205,55
198,531770.16,4418722.68,100,1000,75
199,531732.7,4418751.06,215,425,60
200,531693.9,4418780.23,35,85,105
201,531655.59,4418806.92,20,93,25
228,532705.95,4418134.89,20,13,50
229,532669.16,4418163.32,30,15,55
230,532629.52,4418192.42,40,10,45
231,532592.83,4418220.69,35,15,70
232,532555.46,4418249.42,30,15,70
233,532516.38,4418278.47,30,20,80
234,532477.29,4418308.17,45,28,85
235,532439.84,4418336.76,40,20,75
236,532399.88,4418366.95,30,25,90
237,532361.42,4418396.89,55,20,100
238,532323.47,4418425.23,70,110,95
239,532285.57,4418453.82,95,25,70
240,532245.72,4418483.87,60,55,145
241,532208.65,4418511.73,1050,170,50
242,532169.4,4418541.52,1700,950,35
243,532132.19,4418569.89,120,110,55
244,532094.29,4418598.82,25,28,30
245,532054.68,4418628.26,40,35,15
246,532017.3,4418657.02,20,63,80
247,531978.05,4418686.49,15,55,20
248,531940.65,4418715.73,15,93,20
249,531900.77,4418745,15,65,25
250,531861.66,4418775.01,30,80,45
251,531823.82,4418803.53,35,70,50
252,531786.37,4418832.14,40,175,35
253,531747.46,4418861.28,175,140,20
254,531710.04,4418889.92,15,700,30
281,532760.35,4418217.43,20,18,65
282,532723.42,4418244.51,30,15,55
283,532684.1,4418274.52,25,13,50
284,532648.01,4418301.42,30,15,55
285,532609.79,4418330.69,25,15,50
286,532571.52,4418360.37,20,25,55
287,532532,4418390.33,35,15,60
288,532493.88,4418418.72,110,20,120
289,532454.31,4418449.28,45,25,100
290,532416.55,4418478.3,70,25,90
291,532377.48,4418507.56,35,18,70
292,532339.94,4418535.97,45,45,105
293,532300,4418566.11,25,33,65
294,532263.36,4418594.1,30,20,100
295,532223.81,4418623.94,40,15,70
296,532187.03,4418652.57,30,25,70
297,532149.41,4418681.04,50,25,95
298,532109.5,4418711.14,15,195,30
299,532071.97,4418739.45,20,185,35
300,532032.62,4418769.26,15,205,40
301,531994.52,4418797.93,15,78,50
302,531955.42,4418828.35,30,33,70
303,531916.56,4418857.87,20,50,55
304,531878.54,4418885.95,30,200,50
305,531840.76,4418914.49,35,235,145
306,531802.04,4418943.58,25,80,20
307,531764.72,4418971.55,30,45,20
334,532814.79,4418299.31,5,13,75
335,532778.68,4418327.02,15,40,55
336,532738.95,4418356.57,40,18,65
337,532704.19,4418383.63,40,13,65
338,532665.19,4418412.67,30,13,55
339,532626.17,4418442.41,30,20,55
340,532586.38,4418472.72,200,23,60
341,532548.44,4418500.95,80,140,90
342,532509.03,4418531.26,95,25,125
343,532471.03,4418559.81,310,10,150
344,532432.1,4418589.09,120,23,125
345,532394.96,4418617.73,80,23,275
346,532354.89,4418647.23,345,33,265
347,532317.92,4418675.94,45,30,105
348,532278.77,4418705.7,45,25,105
349,532240.8,4418733.98,195,48,50
350,532203.81,4418762.04,45,33,90
351,532163.69,4418792.71,30,30,90
352,532126.39,4418821.01,45,420,80
353,532086.95,4418851.23,55,500,75
354,532049.14,4418879.28,170,1050,55
355,532009.66,4418908.38,25,245,95
356,531970.06,4418938.86,25,110,85
357,531932.22,4418966.5,20,230,40
358,531894.4,4418995.45,20,50,70
359,531856.02,4419023.04,20,43,45
360,531817.56,4419053.29,15,25,25
