"Algorithm","Run_ID","Repeat","Fold_ID","Fold_Number","Held_Out_CellID","Held_Out_Occurrence_Probability","eta","max_depth","min_child_weight","subsample","colsample_bytree","gamma","scale_pos_weight","Best_nrounds","Inner_CV_Logloss","XGB_Seed","QAQC_Status"
"XGBoost","Repeat_01_Fold_01",1,"Fold_01",1,4678,0.24907098710537,0.03,2,1,0.8,0.8,0,25,233,0.193102101900597,7101,"PASS"
"XGBoost","Repeat_01_Fold_02",1,"Fold_02",2,5882,0.0723803266882896,0.03,4,1,0.8,0.8,0,25,146,0.150496165214393,7102,"PASS"
"XGBoost","Repeat_01_Fold_03",1,"Fold_03",3,5972,0.0592872016131878,0.03,4,1,0.8,0.8,0,25,223,0.166466715051613,7103,"PASS"
"XGBoost","Repeat_01_Fold_04",1,"Fold_04",4,5000,0.515608489513397,0.1,2,3,0.8,0.8,0,25,31,0.210083493497223,7104,"PASS"
"XGBoost","Repeat_01_Fold_05",1,"Fold_05",5,6362,0.145670875906944,0.1,2,3,0.8,0.8,0,25,88,0.175219111798259,7105,"PASS"
"XGBoost","Repeat_02_Fold_01",2,"Fold_01",1,4678,0.0393698327243328,0.03,4,3,0.8,0.8,0,25,117,0.201997201782293,7201,"PASS"
"XGBoost","Repeat_02_Fold_02",2,"Fold_02",2,5882,0.497897803783417,0.03,2,1,0.8,0.8,0,25,137,0.178787817193482,7202,"PASS"
"XGBoost","Repeat_02_Fold_03",2,"Fold_03",3,5972,0.406666308641434,0.03,2,1,0.8,0.8,0,25,173,0.144337392130043,7203,"PASS"
"XGBoost","Repeat_02_Fold_04",2,"Fold_04",4,5000,0.251470983028412,0.1,2,3,0.8,0.8,0,25,181,0.129808484397542,7204,"PASS"
"XGBoost","Repeat_02_Fold_05",2,"Fold_05",5,6362,0.0235355533659458,0.1,2,1,0.8,0.8,0,25,69,0.143059137797816,7205,"PASS"
"XGBoost","Repeat_03_Fold_01",3,"Fold_01",1,4678,0.0252035316079855,0.1,4,1,0.8,0.8,0,25,108,0.127894701960031,7301,"PASS"
"XGBoost","Repeat_03_Fold_02",3,"Fold_02",2,5882,0.159264460206032,0.1,4,1,0.8,0.8,0,25,51,0.18944307799057,7302,"PASS"
"XGBoost","Repeat_03_Fold_03",3,"Fold_03",3,5972,0.0807652920484543,0.1,2,1,0.8,0.8,0,25,96,0.199877323477547,7303,"PASS"
"XGBoost","Repeat_03_Fold_04",3,"Fold_04",4,5000,0.150401338934898,0.03,2,1,0.8,0.8,0,25,212,0.175515333519658,7304,"PASS"
"XGBoost","Repeat_03_Fold_05",3,"Fold_05",5,6362,0.165828332304955,0.03,4,3,0.8,0.8,0,25,194,0.188997221931529,7305,"PASS"
"XGBoost","Repeat_04_Fold_01",4,"Fold_01",1,4678,0.0245466772466898,0.1,4,3,0.8,0.8,0,25,195,0.185110699636145,7401,"PASS"
"XGBoost","Repeat_04_Fold_02",4,"Fold_02",2,5882,0.618503212928772,0.1,2,3,0.8,0.8,0,25,83,0.208292471119561,7402,"PASS"
"XGBoost","Repeat_04_Fold_03",4,"Fold_03",3,5972,0.170962557196617,0.1,2,3,0.8,0.8,0,25,225,0.182789609848092,7403,"PASS"
"XGBoost","Repeat_04_Fold_04",4,"Fold_04",4,5000,0.467624068260193,0.03,4,1,0.8,0.8,0,25,264,0.154664161509852,7404,"PASS"
"XGBoost","Repeat_04_Fold_05",4,"Fold_05",5,6362,0.217467203736305,0.03,4,1,0.8,0.8,0,25,138,0.149973099567712,7405,"PASS"
"XGBoost","Repeat_05_Fold_01",5,"Fold_01",1,4678,0.0139425797387958,0.1,2,1,0.8,0.8,0,25,52,0.161930670594582,7501,"PASS"
"XGBoost","Repeat_05_Fold_02",5,"Fold_02",2,5882,0.152055576443672,0.03,2,1,0.8,0.8,0,25,211,0.145519205660094,7502,"PASS"
"XGBoost","Repeat_05_Fold_03",5,"Fold_03",3,5972,0.150098070502281,0.03,2,1,0.8,0.8,0,25,227,0.169891749922849,7503,"PASS"
"XGBoost","Repeat_05_Fold_04",5,"Fold_04",4,5000,0.0367640778422356,0.03,4,1,0.8,0.8,0,25,245,0.131997558597225,7504,"PASS"
"XGBoost","Repeat_05_Fold_05",5,"Fold_05",5,6362,0.0250869709998369,0.1,2,1,0.8,0.8,0,25,74,0.161471285926662,7505,"PASS"
"XGBoost","Repeat_06_Fold_01",6,"Fold_01",1,4678,0.00614123744890094,0.03,4,1,0.8,0.8,0,25,433,0.136343615801217,7601,"PASS"
"XGBoost","Repeat_06_Fold_02",6,"Fold_02",2,5882,0.152448758482933,0.03,4,1,0.8,0.8,0,25,131,0.199096128953478,7602,"PASS"
"XGBoost","Repeat_06_Fold_03",6,"Fold_03",3,5972,0.292690277099609,0.1,4,3,0.8,0.8,0,25,38,0.166825220579855,7603,"PASS"
"XGBoost","Repeat_06_Fold_04",6,"Fold_04",4,5000,0.0985772982239723,0.1,4,3,0.8,0.8,0,25,82,0.149253517156467,7604,"PASS"
"XGBoost","Repeat_06_Fold_05",6,"Fold_05",5,6362,0.00622121011838317,0.03,2,1,0.8,0.8,0,25,386,0.117489032203314,7605,"PASS"
"XGBoost","Repeat_07_Fold_01",7,"Fold_01",1,4678,0.0205960758030415,0.1,2,1,0.8,0.8,0,25,71,0.148734520596918,7701,"PASS"
"XGBoost","Repeat_07_Fold_02",7,"Fold_02",2,5882,0.372093349695206,0.1,2,1,0.8,0.8,0,25,71,0.166733244492207,7702,"PASS"
"XGBoost","Repeat_07_Fold_03",7,"Fold_03",3,5972,0.0185021292418242,0.1,2,1,0.8,0.8,0,25,208,0.154362455866738,7703,"PASS"
"XGBoost","Repeat_07_Fold_04",7,"Fold_04",4,5000,0.148993119597435,0.03,4,1,0.8,0.8,0,25,442,0.13338735628797,7704,"PASS"
"XGBoost","Repeat_07_Fold_05",7,"Fold_05",5,6362,0.0181457567960024,0.1,4,1,0.8,0.8,0,25,98,0.146969292993442,7705,"PASS"
"XGBoost","Repeat_08_Fold_01",8,"Fold_01",1,4678,0.0167114716023207,0.03,2,1,0.8,0.8,0,25,241,0.142227041535079,7801,"PASS"
"XGBoost","Repeat_08_Fold_02",8,"Fold_02",2,5882,0.694318473339081,0.1,2,3,0.8,0.8,0,25,38,0.18436652321655,7802,"PASS"
"XGBoost","Repeat_08_Fold_03",8,"Fold_03",3,5972,0.291075617074966,0.1,2,3,0.8,0.8,0,25,95,0.144843824225693,7803,"PASS"
"XGBoost","Repeat_08_Fold_04",8,"Fold_04",4,5000,0.417971760034561,0.03,2,3,0.8,0.8,0,25,259,0.140958778443746,7804,"PASS"
"XGBoost","Repeat_08_Fold_05",8,"Fold_05",5,6362,0.0729639008641243,0.03,2,1,0.8,0.8,0,25,231,0.160330801953723,7805,"PASS"
"XGBoost","Repeat_09_Fold_01",9,"Fold_01",1,4678,0.0185631774365902,0.1,4,1,0.8,0.8,0,25,69,0.143958993726231,7901,"PASS"
"XGBoost","Repeat_09_Fold_02",9,"Fold_02",2,5882,0.736341059207916,0.1,2,1,0.8,0.8,0,25,67,0.146832233281412,7902,"PASS"
"XGBoost","Repeat_09_Fold_03",9,"Fold_03",3,5972,0.137820586562157,0.1,4,1,0.8,0.8,0,25,61,0.117597593890073,7903,"PASS"
"XGBoost","Repeat_09_Fold_04",9,"Fold_04",4,5000,0.20980130136013,0.03,2,1,0.8,0.8,0,25,240,0.124118921174578,7904,"PASS"
"XGBoost","Repeat_09_Fold_05",9,"Fold_05",5,6362,0.00868243910372257,0.03,2,1,0.8,0.8,0,25,499,0.105252185843151,7905,"PASS"
"XGBoost","Repeat_10_Fold_01",10,"Fold_01",1,4678,0.0241219401359558,0.1,4,1,0.8,0.8,0,25,50,0.161208929126867,8001,"PASS"
"XGBoost","Repeat_10_Fold_02",10,"Fold_02",2,5882,0.0671988278627396,0.03,2,1,0.8,0.8,0,25,290,0.156546229339885,8002,"PASS"
"XGBoost","Repeat_10_Fold_03",10,"Fold_03",3,5972,0.0477860122919083,0.1,4,1,0.8,0.8,0,25,84,0.163663083508324,8003,"PASS"
"XGBoost","Repeat_10_Fold_04",10,"Fold_04",4,5000,0.356997072696686,0.1,4,3,0.8,0.8,0,25,30,0.218257970642298,8004,"PASS"
"XGBoost","Repeat_10_Fold_05",10,"Fold_05",5,6362,0.0848900750279427,0.03,4,1,0.8,0.8,0,25,139,0.19400020089681,8005,"PASS"
"XGBoost","Repeat_11_Fold_01",11,"Fold_01",1,4678,0.537235260009766,0.03,4,1,0.8,0.8,0,25,193,0.171059695376943,8101,"PASS"
"XGBoost","Repeat_11_Fold_02",11,"Fold_02",2,5882,0.0935743749141693,0.03,4,1,0.8,0.8,0,25,132,0.14167195941823,8102,"PASS"
"XGBoost","Repeat_11_Fold_03",11,"Fold_03",3,5972,0.204049989581108,0.1,4,1,0.8,0.8,0,25,79,0.113339219116964,8103,"PASS"
"XGBoost","Repeat_11_Fold_04",11,"Fold_04",4,5000,0.0626888945698738,0.1,4,1,0.8,0.8,0,25,85,0.152625654537517,8104,"PASS"
"XGBoost","Repeat_11_Fold_05",11,"Fold_05",5,6362,0.051669679582119,0.1,4,1,0.8,0.8,0,25,75,0.155100954459228,8105,"PASS"
"XGBoost","Repeat_12_Fold_01",12,"Fold_01",1,4678,0.00618804432451725,0.1,2,1,0.8,0.8,0,25,82,0.170703022191167,8201,"PASS"
"XGBoost","Repeat_12_Fold_02",12,"Fold_02",2,5882,0.0303650461137295,0.03,2,1,0.8,0.8,0,25,390,0.125834098724926,8202,"PASS"
"XGBoost","Repeat_12_Fold_03",12,"Fold_03",3,5972,0.171644255518913,0.03,4,1,0.8,0.8,0,25,138,0.16703540193311,8203,"PASS"
"XGBoost","Repeat_12_Fold_04",12,"Fold_04",4,5000,0.0918774977326393,0.1,2,1,0.8,0.8,0,25,48,0.185783911384463,8204,"PASS"
"XGBoost","Repeat_12_Fold_05",12,"Fold_05",5,6362,0.0146484216675162,0.1,2,1,0.8,0.8,0,25,91,0.151965470878237,8205,"PASS"
"XGBoost","Repeat_13_Fold_01",13,"Fold_01",1,4678,0.191034629940987,0.1,4,1,0.8,0.8,0,25,42,0.148431551588986,8301,"PASS"
"XGBoost","Repeat_13_Fold_02",13,"Fold_02",2,5882,0.114489339292049,0.1,4,1,0.8,0.8,0,25,55,0.138496768557861,8302,"PASS"
"XGBoost","Repeat_13_Fold_03",13,"Fold_03",3,5972,0.138280540704727,0.03,4,1,0.8,0.8,0,25,151,0.162235350446561,8303,"PASS"
"XGBoost","Repeat_13_Fold_04",13,"Fold_04",4,5000,0.168943092226982,0.03,4,1,0.8,0.8,0,25,277,0.132749397115101,8304,"PASS"
"XGBoost","Repeat_13_Fold_05",13,"Fold_05",5,6362,0.289761602878571,0.03,2,1,0.8,0.8,0,25,162,0.166178539422197,8305,"PASS"
"XGBoost","Repeat_14_Fold_01",14,"Fold_01",1,4678,0.210751846432686,0.03,4,1,0.8,0.8,0,25,192,0.186798182069861,8401,"PASS"
"XGBoost","Repeat_14_Fold_02",14,"Fold_02",2,5882,0.0923977643251419,0.1,4,3,0.8,0.8,0,25,209,0.171517950514009,8402,"PASS"
"XGBoost","Repeat_14_Fold_03",14,"Fold_03",3,5972,0.130875945091248,0.1,2,3,0.8,0.8,0,25,56,0.196346454268608,8403,"PASS"
"XGBoost","Repeat_14_Fold_04",14,"Fold_04",4,5000,0.0765859857201576,0.03,2,3,0.8,0.8,0,25,235,0.169440125079396,8404,"PASS"
"XGBoost","Repeat_14_Fold_05",14,"Fold_05",5,6362,0.037931777536869,0.03,2,3,0.8,0.8,0,25,387,0.164257020425374,8405,"PASS"
"XGBoost","Repeat_15_Fold_01",15,"Fold_01",1,4678,0.272068947553635,0.1,2,1,0.8,0.8,0,25,100,0.126293781750764,8501,"PASS"
"XGBoost","Repeat_15_Fold_02",15,"Fold_02",2,5882,0.0290965884923935,0.03,4,1,0.8,0.8,0,25,345,0.110392409748434,8502,"PASS"
"XGBoost","Repeat_15_Fold_03",15,"Fold_03",3,5972,0.156924098730087,0.1,2,1,0.8,0.8,0,25,60,0.169297125593473,8503,"PASS"
"XGBoost","Repeat_15_Fold_04",15,"Fold_04",4,5000,0.139162555336952,0.03,4,1,0.8,0.8,0,25,260,0.112121380113352,8504,"PASS"
"XGBoost","Repeat_15_Fold_05",15,"Fold_05",5,6362,0.0365195982158184,0.1,4,3,0.8,0.8,0,25,101,0.152077121391463,8505,"PASS"
"XGBoost","Repeat_16_Fold_01",16,"Fold_01",1,4678,0.202363476157188,0.03,4,1,0.8,0.8,0,25,217,0.18429185707534,8601,"PASS"
"XGBoost","Repeat_16_Fold_02",16,"Fold_02",2,5882,0.465941250324249,0.03,2,1,0.8,0.8,0,25,260,0.133819037423774,8602,"PASS"
"XGBoost","Repeat_16_Fold_03",16,"Fold_03",3,5972,0.15000419318676,0.1,2,1,0.8,0.8,0,25,104,0.0924961357220757,8603,"PASS"
"XGBoost","Repeat_16_Fold_04",16,"Fold_04",4,5000,0.263330042362213,0.03,2,3,0.8,0.8,0,25,143,0.168938356666611,8604,"PASS"
"XGBoost","Repeat_16_Fold_05",16,"Fold_05",5,6362,0.227682337164879,0.1,2,1,0.8,0.8,0,25,113,0.0669954132485705,8605,"PASS"
"XGBoost","Repeat_17_Fold_01",17,"Fold_01",1,4678,0.0938530415296555,0.03,2,1,0.8,0.8,0,25,144,0.197429581482608,8701,"PASS"
"XGBoost","Repeat_17_Fold_02",17,"Fold_02",2,5882,0.0859864056110382,0.1,2,1,0.8,0.8,0,25,73,0.141774757335392,8702,"PASS"
"XGBoost","Repeat_17_Fold_03",17,"Fold_03",3,5972,0.0210505202412605,0.1,2,1,0.8,0.8,0,25,101,0.164622923867473,8703,"PASS"
"XGBoost","Repeat_17_Fold_04",17,"Fold_04",4,5000,0.279787659645081,0.1,4,3,0.8,0.8,0,25,36,0.16855429386935,8704,"PASS"
"XGBoost","Repeat_17_Fold_05",17,"Fold_05",5,6362,0.419309467077255,0.1,2,3,0.8,0.8,0,25,70,0.150936671219265,8705,"PASS"
"XGBoost","Repeat_18_Fold_01",18,"Fold_01",1,4678,0.0419607721269131,0.1,2,3,0.8,0.8,0,25,49,0.20499645313248,8801,"PASS"
"XGBoost","Repeat_18_Fold_02",18,"Fold_02",2,5882,0.530446708202362,0.1,4,3,0.8,0.8,0,25,36,0.202367126816311,8802,"PASS"
"XGBoost","Repeat_18_Fold_03",18,"Fold_03",3,5972,0.0293554943054914,0.03,2,1,0.8,0.8,0,25,277,0.152223059021008,8803,"PASS"
"XGBoost","Repeat_18_Fold_04",18,"Fold_04",4,5000,0.205316662788391,0.03,4,3,0.8,0.8,0,25,145,0.213946676759336,8804,"PASS"
"XGBoost","Repeat_18_Fold_05",18,"Fold_05",5,6362,0.129718065261841,0.03,4,3,0.8,0.8,0,25,226,0.138892167167237,8805,"PASS"
"XGBoost","Repeat_19_Fold_01",19,"Fold_01",1,4678,0.0848682671785355,0.1,2,3,0.8,0.8,0,25,214,0.17393409111537,8901,"PASS"
"XGBoost","Repeat_19_Fold_02",19,"Fold_02",2,5882,0.246717140078545,0.1,2,1,0.8,0.8,0,25,44,0.1310086656326,8902,"PASS"
"XGBoost","Repeat_19_Fold_03",19,"Fold_03",3,5972,0.162837103009224,0.03,4,1,0.8,0.8,0,25,148,0.201515156471242,8903,"PASS"
"XGBoost","Repeat_19_Fold_04",19,"Fold_04",4,5000,0.0533369742333889,0.1,4,1,0.8,0.8,0,25,66,0.141412001909115,8904,"PASS"
"XGBoost","Repeat_19_Fold_05",19,"Fold_05",5,6362,0.0772675126791,0.03,4,1,0.8,0.8,0,25,155,0.183929396524596,8905,"PASS"
"XGBoost","Repeat_20_Fold_01",20,"Fold_01",1,4678,0.530525982379913,0.03,2,1,0.8,0.8,0,25,190,0.151230191574611,9001,"PASS"
"XGBoost","Repeat_20_Fold_02",20,"Fold_02",2,5882,0.0812413841485977,0.03,2,1,0.8,0.8,0,25,261,0.137693686066016,9002,"PASS"
"XGBoost","Repeat_20_Fold_03",20,"Fold_03",3,5972,0.160774439573288,0.1,2,1,0.8,0.8,0,25,64,0.161258150151787,9003,"PASS"
"XGBoost","Repeat_20_Fold_04",20,"Fold_04",4,5000,0.0148264579474926,0.1,2,1,0.8,0.8,0,25,91,0.0962217733411727,9004,"PASS"
"XGBoost","Repeat_20_Fold_05",20,"Fold_05",5,6362,0.22802771627903,0.1,4,1,0.8,0.8,0,25,46,0.180452428955155,9005,"PASS"
"XGBoost","Repeat_21_Fold_01",21,"Fold_01",1,4678,0.0512899793684483,0.1,4,1,0.8,0.8,0,25,43,0.171660777709733,9101,"PASS"
"XGBoost","Repeat_21_Fold_02",21,"Fold_02",2,5882,0.372721076011658,0.03,2,3,0.8,0.8,0,25,328,0.177828913415746,9102,"PASS"
"XGBoost","Repeat_21_Fold_03",21,"Fold_03",3,5972,0.0788337662816048,0.03,2,3,0.8,0.8,0,25,492,0.136777311536627,9103,"PASS"
"XGBoost","Repeat_21_Fold_04",21,"Fold_04",4,5000,0.0600793398916721,0.1,2,1,0.8,0.8,0,25,47,0.195641643000552,9104,"PASS"
"XGBoost","Repeat_21_Fold_05",21,"Fold_05",5,6362,0.204241424798965,0.03,2,3,0.8,0.8,0,25,260,0.182897917129314,9105,"PASS"
"XGBoost","Repeat_22_Fold_01",22,"Fold_01",1,4678,0.0125427050516009,0.1,4,1,0.8,0.8,0,25,48,0.171938792757618,9201,"PASS"
"XGBoost","Repeat_22_Fold_02",22,"Fold_02",2,5882,0.0717271566390991,0.03,4,1,0.8,0.8,0,25,114,0.200599871826573,9202,"PASS"
"XGBoost","Repeat_22_Fold_03",22,"Fold_03",3,5972,0.11822747439146,0.1,4,1,0.8,0.8,0,25,97,0.214759961726556,9203,"PASS"
"XGBoost","Repeat_22_Fold_04",22,"Fold_04",4,5000,0.153259843587875,0.1,4,1,0.8,0.8,0,25,38,0.163178792706906,9204,"PASS"
"XGBoost","Repeat_22_Fold_05",22,"Fold_05",5,6362,0.0891827121376991,0.03,4,1,0.8,0.8,0,25,154,0.168849880753372,9205,"PASS"
"XGBoost","Repeat_23_Fold_01",23,"Fold_01",1,4678,0.927802562713623,0.1,4,1,0.8,0.8,0,25,141,0.110533565110437,9301,"PASS"
"XGBoost","Repeat_23_Fold_02",23,"Fold_02",2,5882,0.146706581115723,0.03,4,1,0.8,0.8,0,25,263,0.111693938329923,9302,"PASS"
"XGBoost","Repeat_23_Fold_03",23,"Fold_03",3,5972,0.149578019976616,0.03,4,1,0.8,0.8,0,25,500,0.11948371744858,9303,"PASS"
"XGBoost","Repeat_23_Fold_04",23,"Fold_04",4,5000,0.893477439880371,0.1,4,1,0.8,0.8,0,25,81,0.118965010713929,9304,"PASS"
"XGBoost","Repeat_23_Fold_05",23,"Fold_05",5,6362,0.0451424978673458,0.03,4,1,0.8,0.8,0,25,229,0.138147634995851,9305,"PASS"
"XGBoost","Repeat_24_Fold_01",24,"Fold_01",1,4678,0.199788376688957,0.1,4,3,0.8,0.8,0,25,157,0.177425795843681,9401,"PASS"
"XGBoost","Repeat_24_Fold_02",24,"Fold_02",2,5882,0.129778936505318,0.1,4,3,0.8,0.8,0,25,88,0.180016884181756,9402,"PASS"
"XGBoost","Repeat_24_Fold_03",24,"Fold_03",3,5972,0.122878983616829,0.03,4,1,0.8,0.8,0,25,116,0.211781741137831,9403,"PASS"
"XGBoost","Repeat_24_Fold_04",24,"Fold_04",4,5000,0.366935312747955,0.1,2,1,0.8,0.8,0,25,49,0.191401738306293,9404,"PASS"
"XGBoost","Repeat_24_Fold_05",24,"Fold_05",5,6362,0.0121552012860775,0.1,2,1,0.8,0.8,0,25,68,0.158908583140986,9405,"PASS"
"XGBoost","Repeat_25_Fold_01",25,"Fold_01",1,4678,0.00211572856642306,0.1,2,1,0.8,0.8,0,25,324,0.167408883972362,9501,"PASS"
"XGBoost","Repeat_25_Fold_02",25,"Fold_02",2,5882,0.257105022668839,0.03,4,3,0.8,0.8,0,25,146,0.203601796332245,9502,"PASS"
"XGBoost","Repeat_25_Fold_03",25,"Fold_03",3,5972,0.0823720470070839,0.03,2,1,0.8,0.8,0,25,164,0.183778503752994,9503,"PASS"
"XGBoost","Repeat_25_Fold_04",25,"Fold_04",4,5000,0.165178418159485,0.03,2,1,0.8,0.8,0,25,165,0.16663524494596,9504,"PASS"
"XGBoost","Repeat_25_Fold_05",25,"Fold_05",5,6362,0.112790830433369,0.03,4,3,0.8,0.8,0,25,151,0.190706570167094,9505,"PASS"
"XGBoost","Repeat_26_Fold_01",26,"Fold_01",1,4678,0.15789557993412,0.03,2,1,0.8,0.8,0,25,202,0.141630971029652,9601,"PASS"
"XGBoost","Repeat_26_Fold_02",26,"Fold_02",2,5882,0.418393194675446,0.03,2,1,0.8,0.8,0,25,190,0.12773832908939,9602,"PASS"
"XGBoost","Repeat_26_Fold_03",26,"Fold_03",3,5972,0.257915526628494,0.03,4,1,0.8,0.8,0,25,153,0.119616498507989,9603,"PASS"
"XGBoost","Repeat_26_Fold_04",26,"Fold_04",4,5000,0.540552914142609,0.1,2,3,0.8,0.8,0,25,51,0.156571943366614,9604,"PASS"
"XGBoost","Repeat_26_Fold_05",26,"Fold_05",5,6362,0.384306311607361,0.03,2,1,0.8,0.8,0,25,242,0.152865045110677,9605,"PASS"
"XGBoost","Repeat_27_Fold_01",27,"Fold_01",1,4678,0.0454893670976162,0.1,2,1,0.8,0.8,0,25,77,0.17101566187921,9701,"PASS"
"XGBoost","Repeat_27_Fold_02",27,"Fold_02",2,5882,0.0955940037965775,0.1,4,1,0.8,0.8,0,25,31,0.165650320561746,9702,"PASS"
"XGBoost","Repeat_27_Fold_03",27,"Fold_03",3,5972,0.0716752037405968,0.1,2,1,0.8,0.8,0,25,347,0.182033130910265,9703,"PASS"
"XGBoost","Repeat_27_Fold_04",27,"Fold_04",4,5000,0.131811618804932,0.1,4,1,0.8,0.8,0,25,109,0.152434526544172,9704,"PASS"
"XGBoost","Repeat_27_Fold_05",27,"Fold_05",5,6362,0.0418567024171352,0.1,4,1,0.8,0.8,0,25,30,0.170612524908323,9705,"PASS"
"XGBoost","Repeat_28_Fold_01",28,"Fold_01",1,4678,0.190606132149696,0.03,4,3,0.8,0.8,0,25,226,0.180747452030818,9801,"PASS"
"XGBoost","Repeat_28_Fold_02",28,"Fold_02",2,5882,0.427339166402817,0.03,2,3,0.8,0.8,0,25,127,0.20987645835759,9802,"PASS"
"XGBoost","Repeat_28_Fold_03",28,"Fold_03",3,5972,0.0750956386327744,0.03,2,3,0.8,0.8,0,25,259,0.168349636199239,9803,"PASS"
"XGBoost","Repeat_28_Fold_04",28,"Fold_04",4,5000,0.267277657985687,0.03,2,3,0.8,0.8,0,25,110,0.20776471710549,9804,"PASS"
"XGBoost","Repeat_28_Fold_05",28,"Fold_05",5,6362,0.0674543082714081,0.03,2,3,0.8,0.8,0,25,173,0.181322893047204,9805,"PASS"
"XGBoost","Repeat_29_Fold_01",29,"Fold_01",1,4678,0.106781430542469,0.1,2,1,0.8,0.8,0,25,45,0.137489644479221,9901,"PASS"
"XGBoost","Repeat_29_Fold_02",29,"Fold_02",2,5882,0.0139280734583735,0.1,2,1,0.8,0.8,0,25,88,0.132281522485965,9902,"PASS"
"XGBoost","Repeat_29_Fold_03",29,"Fold_03",3,5972,0.087906502187252,0.1,2,1,0.8,0.8,0,25,57,0.169170315681885,9903,"PASS"
"XGBoost","Repeat_29_Fold_04",29,"Fold_04",4,5000,0.165546163916588,0.1,2,3,0.8,0.8,0,25,67,0.135679123770947,9904,"PASS"
"XGBoost","Repeat_29_Fold_05",29,"Fold_05",5,6362,0.152053162455559,0.1,2,3,0.8,0.8,0,25,60,0.181140519803963,9905,"PASS"
"XGBoost","Repeat_30_Fold_01",30,"Fold_01",1,4678,0.818248867988586,0.1,4,1,0.8,0.8,0,25,39,0.188979872036725,10001,"PASS"
"XGBoost","Repeat_30_Fold_02",30,"Fold_02",2,5882,0.0561606213450432,0.1,4,1,0.8,0.8,0,25,37,0.170122999572553,10002,"PASS"
"XGBoost","Repeat_30_Fold_03",30,"Fold_03",3,5972,0.403728365898132,0.1,4,1,0.8,0.8,0,25,39,0.164936786347355,10003,"PASS"
"XGBoost","Repeat_30_Fold_04",30,"Fold_04",4,5000,0.43469163775444,0.1,4,1,0.8,0.8,0,25,36,0.177261101655089,10004,"PASS"
"XGBoost","Repeat_30_Fold_05",30,"Fold_05",5,6362,0.0429536104202271,0.03,2,3,0.8,0.8,0,25,290,0.147535809512752,10005,"PASS"
