"Algorithm","Run_ID","Repeat","Fold_ID","Feature","Gain","Cover","Frequency"
"XGBoost","Repeat_01_Fold_01",1,"Fold_01","Dist_Silicified",0.546719450811367,0.32199129612174,0.176579925650558
"XGBoost","Repeat_01_Fold_01",1,"Fold_01","Dist_Brecciated",0.131807768004817,0.126669399856375,0.120817843866171
"XGBoost","Repeat_01_Fold_01",1,"Fold_01","Dist_Fault",0.104333956630008,0.223706636422135,0.245353159851301
"XGBoost","Repeat_01_Fold_01",1,"Fold_01","Cu_OK",0.0968336630102589,0.165945019738462,0.16728624535316
"XGBoost","Repeat_01_Fold_01",1,"Fold_01","Zn_OK",0.0573977758711604,0.0756266432283451,0.122676579925651
"XGBoost","Repeat_01_Fold_01",1,"Fold_01","Pb_OK",0.0543296191494247,0.0810738712965379,0.16542750929368
"XGBoost","Repeat_01_Fold_01",1,"Fold_01","Lithology3",0.0085777665229643,0.00498713333640479,0.00185873605947955
"XGBoost","Repeat_01_Fold_02",1,"Fold_02","Dist_Silicified",0.585216988134898,0.393016120819537,0.32
"XGBoost","Repeat_01_Fold_02",1,"Fold_02","Dist_Brecciated",0.142846117381704,0.140247007823629,0.136470588235294
"XGBoost","Repeat_01_Fold_02",1,"Fold_02","Dist_Fault",0.120293351114288,0.22744826180073,0.225882352941176
"XGBoost","Repeat_01_Fold_02",1,"Fold_02","Zn_OK",0.0814591307677501,0.119029178226995,0.110588235294118
"XGBoost","Repeat_01_Fold_02",1,"Fold_02","Pb_OK",0.041200340492536,0.0672979558320935,0.143529411764706
"XGBoost","Repeat_01_Fold_02",1,"Fold_02","Cu_OK",0.0289840721088236,0.0529614754970164,0.0635294117647059
"XGBoost","Repeat_01_Fold_03",1,"Fold_03","Dist_Silicified",0.531985953144622,0.316779779184238,0.216637781629116
"XGBoost","Repeat_01_Fold_03",1,"Fold_03","Pb_OK",0.171319554290686,0.140601244772623,0.169844020797227
"XGBoost","Repeat_01_Fold_03",1,"Fold_03","Dist_Fault",0.125196125497992,0.310332616401806,0.357019064124783
"XGBoost","Repeat_01_Fold_03",1,"Fold_03","Dist_Brecciated",0.120693049345625,0.107071100360091,0.0935875216637782
"XGBoost","Repeat_01_Fold_03",1,"Fold_03","Cu_OK",0.0339013596906147,0.0642603992992409,0.072790294627383
"XGBoost","Repeat_01_Fold_03",1,"Fold_03","Zn_OK",0.0169039580304612,0.0609548599820012,0.0901213171577123
"XGBoost","Repeat_01_Fold_04",1,"Fold_04","Dist_Silicified",0.646546652245675,0.393967015519156,0.28125
"XGBoost","Repeat_01_Fold_04",1,"Fold_04","Pb_OK",0.147125589162459,0.270580886843336,0.40625
"XGBoost","Repeat_01_Fold_04",1,"Fold_04","Dist_Fault",0.0779125079316992,0.165847759056,0.171875
"XGBoost","Repeat_01_Fold_04",1,"Fold_04","Zn_OK",0.0651045247861558,0.0661123968949753,0.046875
"XGBoost","Repeat_01_Fold_04",1,"Fold_04","Dist_Brecciated",0.0633107258740109,0.103491941686533,0.09375
"XGBoost","Repeat_01_Fold_05",1,"Fold_05","Dist_Silicified",0.500439678359237,0.236749569537757,0.152
"XGBoost","Repeat_01_Fold_05",1,"Fold_05","Pb_OK",0.229700670357846,0.165183831578942,0.2
"XGBoost","Repeat_01_Fold_05",1,"Fold_05","Dist_Brecciated",0.148948791404854,0.285522863102726,0.288
"XGBoost","Repeat_01_Fold_05",1,"Fold_05","Zn_OK",0.0419517254024012,0.113651594836667,0.136
"XGBoost","Repeat_01_Fold_05",1,"Fold_05","Cu_OK",0.0402743584670308,0.114179571388301,0.128
"XGBoost","Repeat_01_Fold_05",1,"Fold_05","Dist_Fault",0.0386847760086311,0.0847125695556069,0.096
"XGBoost","Repeat_02_Fold_01",2,"Fold_01","Dist_Silicified",0.733345877889238,0.424819377923952,0.282352941176471
"XGBoost","Repeat_02_Fold_01",2,"Fold_01","Dist_Brecciated",0.106641967407967,0.170857869952636,0.188235294117647
"XGBoost","Repeat_02_Fold_01",2,"Fold_01","Zn_OK",0.0757522238457352,0.130424898871624,0.172549019607843
"XGBoost","Repeat_02_Fold_01",2,"Fold_01","Dist_Fault",0.0360020968976804,0.167953069766877,0.203921568627451
"XGBoost","Repeat_02_Fold_01",2,"Fold_01","Cu_OK",0.0281290056267639,0.0448708868135742,0.0470588235294118
"XGBoost","Repeat_02_Fold_01",2,"Fold_01","Pb_OK",0.0201288283326153,0.0610738966713374,0.105882352941176
"XGBoost","Repeat_02_Fold_02",2,"Fold_02","Dist_Silicified",0.704129075481681,0.571101118557003,0.456928838951311
"XGBoost","Repeat_02_Fold_02",2,"Fold_02","Dist_Brecciated",0.158812867208771,0.165109678417954,0.142322097378277
"XGBoost","Repeat_02_Fold_02",2,"Fold_02","Dist_Fault",0.0824759487088949,0.121638020176567,0.131086142322097
"XGBoost","Repeat_02_Fold_02",2,"Fold_02","Pb_OK",0.0366628096967778,0.0685128772500185,0.153558052434457
"XGBoost","Repeat_02_Fold_02",2,"Fold_02","Cu_OK",0.0151334979345403,0.0629467022068082,0.0898876404494382
"XGBoost","Repeat_02_Fold_02",2,"Fold_02","Zn_OK",0.00278580096933559,0.0106916033916483,0.0262172284644195
"XGBoost","Repeat_02_Fold_03",2,"Fold_03","Dist_Silicified",0.625199462553756,0.440086706552353,0.282282282282282
"XGBoost","Repeat_02_Fold_03",2,"Fold_03","Pb_OK",0.174732654519034,0.13459981399812,0.183183183183183
"XGBoost","Repeat_02_Fold_03",2,"Fold_03","Dist_Brecciated",0.117361653651168,0.185453696373884,0.165165165165165
"XGBoost","Repeat_02_Fold_03",2,"Fold_03","Dist_Fault",0.0474649286839078,0.166745212148381,0.243243243243243
"XGBoost","Repeat_02_Fold_03",2,"Fold_03","Cu_OK",0.0252938046453316,0.035233762985723,0.048048048048048
"XGBoost","Repeat_02_Fold_03",2,"Fold_03","Zn_OK",0.00994749594680283,0.0378808079415385,0.0780780780780781
"XGBoost","Repeat_02_Fold_04",2,"Fold_04","Dist_Silicified",0.68853202744512,0.338418231680256,0.188235294117647
"XGBoost","Repeat_02_Fold_04",2,"Fold_04","Pb_OK",0.20509153790359,0.176181826150598,0.205882352941176
"XGBoost","Repeat_02_Fold_04",2,"Fold_04","Zn_OK",0.0596864470436506,0.228809495864316,0.247058823529412
"XGBoost","Repeat_02_Fold_04",2,"Fold_04","Dist_Brecciated",0.017794353641536,0.0481109750947441,0.0588235294117647
"XGBoost","Repeat_02_Fold_04",2,"Fold_04","Cu_OK",0.0160514408878681,0.10199225558708,0.170588235294118
"XGBoost","Repeat_02_Fold_04",2,"Fold_04","Dist_Fault",0.0128441930782358,0.106487215623006,0.129411764705882
"XGBoost","Repeat_02_Fold_05",2,"Fold_05","Dist_Silicified",0.48014084110643,0.421929803473973,0.278571428571429
"XGBoost","Repeat_02_Fold_05",2,"Fold_05","Dist_Brecciated",0.348200227122392,0.232625843749928,0.185714285714286
"XGBoost","Repeat_02_Fold_05",2,"Fold_05","Pb_OK",0.0761994061561794,0.131801652886725,0.25
"XGBoost","Repeat_02_Fold_05",2,"Fold_05","Dist_Fault",0.0494957542812468,0.0995977309115606,0.0928571428571429
"XGBoost","Repeat_02_Fold_05",2,"Fold_05","Cu_OK",0.0311473474519833,0.058486037667274,0.0857142857142857
"XGBoost","Repeat_02_Fold_05",2,"Fold_05","Zn_OK",0.0148164238817688,0.0555589313105392,0.107142857142857
"XGBoost","Repeat_03_Fold_01",3,"Fold_01","Dist_Silicified",0.678126090436549,0.350541818856181,0.20253164556962
"XGBoost","Repeat_03_Fold_01",3,"Fold_01","Dist_Brecciated",0.0888849438065513,0.150750857814323,0.168776371308017
"XGBoost","Repeat_03_Fold_01",3,"Fold_01","Dist_Fault",0.0816098579183353,0.200652138051293,0.227848101265823
"XGBoost","Repeat_03_Fold_01",3,"Fold_01","Pb_OK",0.0754004926443681,0.14261611118691,0.215189873417722
"XGBoost","Repeat_03_Fold_01",3,"Fold_01","Zn_OK",0.0383900886585382,0.0971796546025735,0.122362869198312
"XGBoost","Repeat_03_Fold_01",3,"Fold_01","Cu_OK",0.0375885265356576,0.0582594194887193,0.0632911392405063
"XGBoost","Repeat_03_Fold_02",3,"Fold_02","Dist_Silicified",0.584208091429775,0.396510948863366,0.347222222222222
"XGBoost","Repeat_03_Fold_02",3,"Fold_02","Dist_Brecciated",0.173014814636936,0.150629874412476,0.138888888888889
"XGBoost","Repeat_03_Fold_02",3,"Fold_02","Dist_Fault",0.121919709871038,0.260414340435872,0.243055555555556
"XGBoost","Repeat_03_Fold_02",3,"Fold_02","Pb_OK",0.0548491654572546,0.0531818754696018,0.125
"XGBoost","Repeat_03_Fold_02",3,"Fold_02","Cu_OK",0.0421837883267507,0.0948443282741093,0.0972222222222222
"XGBoost","Repeat_03_Fold_02",3,"Fold_02","Zn_OK",0.023824430278246,0.0444186325445748,0.0486111111111111
"XGBoost","Repeat_03_Fold_03",3,"Fold_03","Dist_Silicified",0.542012359745045,0.302576971763774,0.198979591836735
"XGBoost","Repeat_03_Fold_03",3,"Fold_03","Pb_OK",0.197736752337203,0.145073759884236,0.168367346938776
"XGBoost","Repeat_03_Fold_03",3,"Fold_03","Dist_Fault",0.104862991147858,0.246846508247179,0.26530612244898
"XGBoost","Repeat_03_Fold_03",3,"Fold_03","Dist_Brecciated",0.0833758896240973,0.155723993597664,0.158163265306122
"XGBoost","Repeat_03_Fold_03",3,"Fold_03","Cu_OK",0.0563408389089449,0.117993943035528,0.142857142857143
"XGBoost","Repeat_03_Fold_03",3,"Fold_03","Zn_OK",0.0156711682368521,0.0317848234716189,0.0663265306122449
"XGBoost","Repeat_03_Fold_04",3,"Fold_04","Dist_Silicified",0.557005713963906,0.415505972828905,0.28695652173913
"XGBoost","Repeat_03_Fold_04",3,"Fold_04","Pb_OK",0.172801636151355,0.190311896221723,0.321739130434783
"XGBoost","Repeat_03_Fold_04",3,"Fold_04","Dist_Brecciated",0.108265529635141,0.109616067836845,0.0956521739130435
"XGBoost","Repeat_03_Fold_04",3,"Fold_04","Cu_OK",0.0748250867866831,0.109787070146981,0.1
"XGBoost","Repeat_03_Fold_04",3,"Fold_04","Dist_Fault",0.0694669889840163,0.139058960039639,0.134782608695652
"XGBoost","Repeat_03_Fold_04",3,"Fold_04","Zn_OK",0.0176350444788977,0.0357200329259075,0.0608695652173913
"XGBoost","Repeat_03_Fold_05",3,"Fold_05","Dist_Silicified",0.534047537320755,0.340686423453359,0.230320699708455
"XGBoost","Repeat_03_Fold_05",3,"Fold_05","Pb_OK",0.249623233588521,0.235767643500131,0.268221574344023
"XGBoost","Repeat_03_Fold_05",3,"Fold_05","Dist_Brecciated",0.167354905575719,0.275663317817727,0.291545189504373
"XGBoost","Repeat_03_Fold_05",3,"Fold_05","Cu_OK",0.0194296571108667,0.0356909796451222,0.0495626822157434
"XGBoost","Repeat_03_Fold_05",3,"Fold_05","Zn_OK",0.0164490014476701,0.0496275956390407,0.0728862973760933
"XGBoost","Repeat_03_Fold_05",3,"Fold_05","Dist_Fault",0.0130956649564691,0.0625640399446203,0.0874635568513119
"XGBoost","Repeat_04_Fold_01",4,"Fold_01","Dist_Silicified",0.641975906899161,0.274975621825859,0.152542372881356
"XGBoost","Repeat_04_Fold_01",4,"Fold_01","Dist_Fault",0.144648673026802,0.262585898367139,0.209039548022599
"XGBoost","Repeat_04_Fold_01",4,"Fold_01","Zn_OK",0.104129262104728,0.101316318480451,0.112994350282486
"XGBoost","Repeat_04_Fold_01",4,"Fold_01","Dist_Brecciated",0.0788077972305382,0.164267092026651,0.214689265536723
"XGBoost","Repeat_04_Fold_01",4,"Fold_01","Pb_OK",0.0246123247150465,0.138699958755271,0.231638418079096
"XGBoost","Repeat_04_Fold_01",4,"Fold_01","Cu_OK",0.0058260360237238,0.0581551105446287,0.0790960451977401
"XGBoost","Repeat_04_Fold_02",4,"Fold_02","Dist_Silicified",0.674825497263739,0.510555216275529,0.426356589147287
"XGBoost","Repeat_04_Fold_02",4,"Fold_02","Dist_Brecciated",0.116700464533108,0.113144326895633,0.0852713178294574
"XGBoost","Repeat_04_Fold_02",4,"Fold_02","Pb_OK",0.0734998721156768,0.128924243932734,0.193798449612403
"XGBoost","Repeat_04_Fold_02",4,"Fold_02","Dist_Fault",0.0724697041278853,0.137228045251173,0.147286821705426
"XGBoost","Repeat_04_Fold_02",4,"Fold_02","Cu_OK",0.0319463977996381,0.0509411890999314,0.062015503875969
"XGBoost","Repeat_04_Fold_02",4,"Fold_02","Zn_OK",0.0305580641599527,0.0592069785450005,0.0852713178294574
"XGBoost","Repeat_04_Fold_03",4,"Fold_03","Dist_Silicified",0.577644147105135,0.28161527931157,0.202643171806167
"XGBoost","Repeat_04_Fold_03",4,"Fold_03","Pb_OK",0.191092226778345,0.221915581601694,0.273127753303965
"XGBoost","Repeat_04_Fold_03",4,"Fold_03","Dist_Fault",0.108822346773259,0.256227596569619,0.246696035242291
"XGBoost","Repeat_04_Fold_03",4,"Fold_03","Zn_OK",0.0800023569253655,0.0703055450870936,0.066079295154185
"XGBoost","Repeat_04_Fold_03",4,"Fold_03","Dist_Brecciated",0.0269038343227831,0.0714819284252221,0.0881057268722467
"XGBoost","Repeat_04_Fold_03",4,"Fold_03","Cu_OK",0.015535088095113,0.098454069004801,0.123348017621145
"XGBoost","Repeat_04_Fold_04",4,"Fold_04","Dist_Silicified",0.672519879852129,0.399541795521714,0.269102990033223
"XGBoost","Repeat_04_Fold_04",4,"Fold_04","Cu_OK",0.0940087405298635,0.195646701459991,0.197674418604651
"XGBoost","Repeat_04_Fold_04",4,"Fold_04","Dist_Brecciated",0.0888988152808102,0.0949607576702117,0.0747508305647841
"XGBoost","Repeat_04_Fold_04",4,"Fold_04","Pb_OK",0.0618152868595915,0.0948610580120685,0.207641196013289
"XGBoost","Repeat_04_Fold_04",4,"Fold_04","Dist_Fault",0.0570880149735487,0.117754723959495,0.116279069767442
"XGBoost","Repeat_04_Fold_04",4,"Fold_04","Zn_OK",0.0256692625040577,0.0972349633765197,0.134551495016611
"XGBoost","Repeat_04_Fold_05",4,"Fold_05","Dist_Silicified",0.626233806472982,0.387478318859734,0.272020725388601
"XGBoost","Repeat_04_Fold_05",4,"Fold_05","Pb_OK",0.117318851986419,0.117939178653166,0.170984455958549
"XGBoost","Repeat_04_Fold_05",4,"Fold_05","Dist_Brecciated",0.104320800454888,0.108733276554724,0.0880829015544041
"XGBoost","Repeat_04_Fold_05",4,"Fold_05","Cu_OK",0.0667418402492556,0.205002881577083,0.233160621761658
"XGBoost","Repeat_04_Fold_05",4,"Fold_05","Zn_OK",0.046749900938969,0.0791004004663957,0.119170984455959
"XGBoost","Repeat_04_Fold_05",4,"Fold_05","Dist_Fault",0.0386347998974863,0.101745943888898,0.116580310880829
"XGBoost","Repeat_05_Fold_01",5,"Fold_01","Dist_Silicified",0.594241128332084,0.36401892921883,0.247787610619469
"XGBoost","Repeat_05_Fold_01",5,"Fold_01","Dist_Brecciated",0.196726628311117,0.247673604063872,0.221238938053097
"XGBoost","Repeat_05_Fold_01",5,"Fold_01","Zn_OK",0.0887101518935104,0.0658118760715564,0.115044247787611
"XGBoost","Repeat_05_Fold_01",5,"Fold_01","Cu_OK",0.0544084699022738,0.130804599751283,0.141592920353982
"XGBoost","Repeat_05_Fold_01",5,"Fold_01","Dist_Fault",0.0448956148992375,0.140991017047881,0.185840707964602
"XGBoost","Repeat_05_Fold_01",5,"Fold_01","Pb_OK",0.0210180066617771,0.0506999738465773,0.0884955752212389
"XGBoost","Repeat_05_Fold_02",5,"Fold_02","Dist_Silicified",0.539446418437731,0.424243993076439,0.320541760722348
"XGBoost","Repeat_05_Fold_02",5,"Fold_02","Dist_Brecciated",0.187687640354961,0.1522214891222,0.146726862302483
"XGBoost","Repeat_05_Fold_02",5,"Fold_02","Dist_Fault",0.0825147568665352,0.140391316427476,0.155756207674944
"XGBoost","Repeat_05_Fold_02",5,"Fold_02","Cu_OK",0.0786876932683897,0.11678046371482,0.142212189616253
"XGBoost","Repeat_05_Fold_02",5,"Fold_02","Pb_OK",0.0564666865109446,0.0716320531671603,0.158013544018059
"XGBoost","Repeat_05_Fold_02",5,"Fold_02","Zn_OK",0.0551968045614391,0.0947306844919046,0.0767494356659142
"XGBoost","Repeat_05_Fold_03",5,"Fold_03","Dist_Silicified",0.437819562118808,0.31902159605681,0.240585774058577
"XGBoost","Repeat_05_Fold_03",5,"Fold_03","Pb_OK",0.189652225425933,0.126780751945528,0.163179916317992
"XGBoost","Repeat_05_Fold_03",5,"Fold_03","Dist_Fault",0.128030457659691,0.255122659294843,0.253138075313808
"XGBoost","Repeat_05_Fold_03",5,"Fold_03","Dist_Brecciated",0.125553897200986,0.120871226615468,0.096234309623431
"XGBoost","Repeat_05_Fold_03",5,"Fold_03","Cu_OK",0.0847162598677944,0.104717076372778,0.140167364016736
"XGBoost","Repeat_05_Fold_03",5,"Fold_03","Zn_OK",0.0342275977267878,0.0734866897145728,0.106694560669456
"XGBoost","Repeat_05_Fold_04",5,"Fold_04","Dist_Silicified",0.526108813393935,0.375239468658857,0.273570324574961
"XGBoost","Repeat_05_Fold_04",5,"Fold_04","Pb_OK",0.172702366277017,0.193300725589661,0.30757341576507
"XGBoost","Repeat_05_Fold_04",5,"Fold_04","Dist_Brecciated",0.118117030128701,0.0914993444241983,0.0819165378670788
"XGBoost","Repeat_05_Fold_04",5,"Fold_04","Zn_OK",0.0707397445417727,0.135780256088202,0.14064914992272
"XGBoost","Repeat_05_Fold_04",5,"Fold_04","Cu_OK",0.057481716993167,0.102967586619485,0.119010819165379
"XGBoost","Repeat_05_Fold_04",5,"Fold_04","Dist_Fault",0.0548503286654069,0.101212618619597,0.0772797527047913
"XGBoost","Repeat_05_Fold_05",5,"Fold_05","Dist_Silicified",0.494393069921565,0.263441640956067,0.155405405405405
"XGBoost","Repeat_05_Fold_05",5,"Fold_05","Dist_Brecciated",0.209612966281945,0.29260474087938,0.27027027027027
"XGBoost","Repeat_05_Fold_05",5,"Fold_05","Pb_OK",0.145894305603517,0.175962873214133,0.25
"XGBoost","Repeat_05_Fold_05",5,"Fold_05","Cu_OK",0.0768166932825353,0.135598310746622,0.148648648648649
"XGBoost","Repeat_05_Fold_05",5,"Fold_05","Dist_Fault",0.0479898191077994,0.0792593761454249,0.0743243243243243
"XGBoost","Repeat_05_Fold_05",5,"Fold_05","Zn_OK",0.0252931458026386,0.0531330580583738,0.101351351351351
"XGBoost","Repeat_06_Fold_01",6,"Fold_01","Dist_Silicified",0.634941898814437,0.334338242390321,0.152078774617068
"XGBoost","Repeat_06_Fold_01",6,"Fold_01","Pb_OK",0.115340450329468,0.146439059195166,0.233041575492341
"XGBoost","Repeat_06_Fold_01",6,"Fold_01","Zn_OK",0.087283676051121,0.126565906859469,0.148796498905908
"XGBoost","Repeat_06_Fold_01",6,"Fold_01","Dist_Brecciated",0.0785161979644085,0.0989109614399165,0.135667396061269
"XGBoost","Repeat_06_Fold_01",6,"Fold_01","Dist_Fault",0.0606571265733602,0.255158178582787,0.275711159737418
"XGBoost","Repeat_06_Fold_01",6,"Fold_01","Cu_OK",0.0232606502672051,0.0385876515323397,0.0547045951859956
"XGBoost","Repeat_06_Fold_02",6,"Fold_02","Dist_Silicified",0.514486646374814,0.34373044204713,0.251256281407035
"XGBoost","Repeat_06_Fold_02",6,"Fold_02","Dist_Brecciated",0.208734588477139,0.151789412556951,0.125628140703518
"XGBoost","Repeat_06_Fold_02",6,"Fold_02","Dist_Fault",0.105763391173012,0.197659314179844,0.201005025125628
"XGBoost","Repeat_06_Fold_02",6,"Fold_02","Zn_OK",0.0689731495893193,0.110951870034521,0.0879396984924623
"XGBoost","Repeat_06_Fold_02",6,"Fold_02","Pb_OK",0.0603978359212361,0.122711855780598,0.231155778894472
"XGBoost","Repeat_06_Fold_02",6,"Fold_02","Cu_OK",0.0416443884644801,0.0731571054009557,0.103015075376884
"XGBoost","Repeat_06_Fold_03",6,"Fold_03","Dist_Silicified",0.703001164476509,0.477101339793876,0.353658536585366
"XGBoost","Repeat_06_Fold_03",6,"Fold_03","Dist_Brecciated",0.141251835190328,0.127760963553167,0.134146341463415
"XGBoost","Repeat_06_Fold_03",6,"Fold_03","Dist_Fault",0.0659259432671929,0.185307538420778,0.231707317073171
"XGBoost","Repeat_06_Fold_03",6,"Fold_03","Pb_OK",0.0577841721322155,0.132273302492393,0.170731707317073
"XGBoost","Repeat_06_Fold_03",6,"Fold_03","Cu_OK",0.0283320567517066,0.0613865680336265,0.0853658536585366
"XGBoost","Repeat_06_Fold_03",6,"Fold_03","Zn_OK",0.00370482818204813,0.0161702877061602,0.024390243902439
"XGBoost","Repeat_06_Fold_04",6,"Fold_04","Dist_Silicified",0.373440904739321,0.293565513637241,0.220588235294118
"XGBoost","Repeat_06_Fold_04",6,"Fold_04","Dist_Brecciated",0.310982374103612,0.178372885389287,0.125
"XGBoost","Repeat_06_Fold_04",6,"Fold_04","Pb_OK",0.27306927660137,0.393294542818309,0.463235294117647
"XGBoost","Repeat_06_Fold_04",6,"Fold_04","Zn_OK",0.0251691395763288,0.062748965217775,0.0735294117647059
"XGBoost","Repeat_06_Fold_04",6,"Fold_04","Dist_Fault",0.0115690367036927,0.0425042999185663,0.0661764705882353
"XGBoost","Repeat_06_Fold_04",6,"Fold_04","Cu_OK",0.00576926827567616,0.0295137930188211,0.0514705882352941
"XGBoost","Repeat_06_Fold_05",6,"Fold_05","Dist_Silicified",0.491248102965845,0.261461177276262,0.140226628895184
"XGBoost","Repeat_06_Fold_05",6,"Fold_05","Pb_OK",0.18606651510302,0.193336825634789,0.242209631728045
"XGBoost","Repeat_06_Fold_05",6,"Fold_05","Dist_Brecciated",0.134310299737706,0.188503943666616,0.175637393767705
"XGBoost","Repeat_06_Fold_05",6,"Fold_05","Dist_Fault",0.0788862990154894,0.136899835554782,0.140226628895184
"XGBoost","Repeat_06_Fold_05",6,"Fold_05","Cu_OK",0.0613561393612285,0.115998710503304,0.145892351274788
"XGBoost","Repeat_06_Fold_05",6,"Fold_05","Zn_OK",0.04813264381671,0.103799507364248,0.155807365439093
"XGBoost","Repeat_07_Fold_01",7,"Fold_01","Dist_Silicified",0.556965853876184,0.36042838830678,0.224489795918367
"XGBoost","Repeat_07_Fold_01",7,"Fold_01","Dist_Brecciated",0.163573685083633,0.138713901470086,0.122448979591837
"XGBoost","Repeat_07_Fold_01",7,"Fold_01","Cu_OK",0.118234155646019,0.176316322373407,0.122448979591837
"XGBoost","Repeat_07_Fold_01",7,"Fold_01","Zn_OK",0.0746706620320914,0.0978981961410082,0.129251700680272
"XGBoost","Repeat_07_Fold_01",7,"Fold_01","Pb_OK",0.0541724249257785,0.115306981143301,0.204081632653061
"XGBoost","Repeat_07_Fold_01",7,"Fold_01","Dist_Fault",0.0323832184362943,0.111336210565417,0.197278911564626
"XGBoost","Repeat_07_Fold_02",7,"Fold_02","Dist_Silicified",0.413415560253901,0.320005508899693,0.258278145695364
"XGBoost","Repeat_07_Fold_02",7,"Fold_02","Dist_Brecciated",0.243688116505314,0.136969914939723,0.105960264900662
"XGBoost","Repeat_07_Fold_02",7,"Fold_02","Dist_Fault",0.184201302594179,0.298515557067746,0.298013245033113
"XGBoost","Repeat_07_Fold_02",7,"Fold_02","Pb_OK",0.0709012620845567,0.115436555914286,0.23841059602649
"XGBoost","Repeat_07_Fold_02",7,"Fold_02","Cu_OK",0.069786317918253,0.101208789072132,0.0728476821192053
"XGBoost","Repeat_07_Fold_02",7,"Fold_02","Zn_OK",0.0180074406437956,0.027863674106419,0.0264900662251656
"XGBoost","Repeat_07_Fold_03",7,"Fold_03","Dist_Silicified",0.359735931284295,0.22308859965039,0.182758620689655
"XGBoost","Repeat_07_Fold_03",7,"Fold_03","Pb_OK",0.26423634682313,0.206532239076272,0.220689655172414
"XGBoost","Repeat_07_Fold_03",7,"Fold_03","Dist_Brecciated",0.144377365969334,0.149967342913997,0.151724137931034
"XGBoost","Repeat_07_Fold_03",7,"Fold_03","Dist_Fault",0.130737002261193,0.239844843724664,0.255172413793103
"XGBoost","Repeat_07_Fold_03",7,"Fold_03","Cu_OK",0.0596096210578179,0.0917593675138323,0.0689655172413793
"XGBoost","Repeat_07_Fold_03",7,"Fold_03","Zn_OK",0.0413037326042309,0.0888076071208448,0.120689655172414
"XGBoost","Repeat_07_Fold_04",7,"Fold_04","Dist_Silicified",0.501035605988789,0.327703910534894,0.247162673392182
"XGBoost","Repeat_07_Fold_04",7,"Fold_04","Dist_Brecciated",0.15192562901289,0.0954888042883116,0.0958385876418663
"XGBoost","Repeat_07_Fold_04",7,"Fold_04","Zn_OK",0.116911602530589,0.224311745106388,0.244640605296343
"XGBoost","Repeat_07_Fold_04",7,"Fold_04","Pb_OK",0.106822356138212,0.105846385087683,0.210592686002522
"XGBoost","Repeat_07_Fold_04",7,"Fold_04","Cu_OK",0.0946955948489549,0.168542005225848,0.133669609079445
"XGBoost","Repeat_07_Fold_04",7,"Fold_04","Dist_Fault",0.028609211480565,0.0781071497568754,0.0680958385876419
"XGBoost","Repeat_07_Fold_05",7,"Fold_05","Dist_Brecciated",0.464525936016188,0.299980436754037,0.204878048780488
"XGBoost","Repeat_07_Fold_05",7,"Fold_05","Dist_Silicified",0.233854157888359,0.127128787565467,0.0926829268292683
"XGBoost","Repeat_07_Fold_05",7,"Fold_05","Pb_OK",0.121277984421649,0.175534029960578,0.248780487804878
"XGBoost","Repeat_07_Fold_05",7,"Fold_05","Dist_Fault",0.0927086080444913,0.195441902392327,0.185365853658537
"XGBoost","Repeat_07_Fold_05",7,"Fold_05","Cu_OK",0.05987647356987,0.12513997051706,0.151219512195122
"XGBoost","Repeat_07_Fold_05",7,"Fold_05","Zn_OK",0.0277568400594422,0.0767748728105304,0.117073170731707
"XGBoost","Repeat_08_Fold_01",8,"Fold_01","Dist_Silicified",0.637279185948257,0.380454132642916,0.222707423580786
"XGBoost","Repeat_08_Fold_01",8,"Fold_01","Dist_Brecciated",0.124102080537306,0.11804576622717,0.102620087336245
"XGBoost","Repeat_08_Fold_01",8,"Fold_01","Zn_OK",0.111739065668284,0.114946726059076,0.220524017467249
"XGBoost","Repeat_08_Fold_01",8,"Fold_01","Dist_Fault",0.0772702731370591,0.246643699291496,0.27292576419214
"XGBoost","Repeat_08_Fold_01",8,"Fold_01","Cu_OK",0.0398481887472761,0.0983008970706934,0.0873362445414847
"XGBoost","Repeat_08_Fold_01",8,"Fold_01","Pb_OK",0.00976120596181704,0.0416087787086482,0.0938864628820961
"XGBoost","Repeat_08_Fold_02",8,"Fold_02","Dist_Silicified",0.736120467659267,0.49663087188052,0.366197183098592
"XGBoost","Repeat_08_Fold_02",8,"Fold_02","Dist_Brecciated",0.166823724706236,0.211263899742367,0.225352112676056
"XGBoost","Repeat_08_Fold_02",8,"Fold_02","Pb_OK",0.058800458908943,0.0868556362726359,0.154929577464789
"XGBoost","Repeat_08_Fold_02",8,"Fold_02","Zn_OK",0.0187054869787884,0.10725833076692,0.112676056338028
"XGBoost","Repeat_08_Fold_02",8,"Fold_02","Dist_Fault",0.0119459863957058,0.0504064950301584,0.0845070422535211
"XGBoost","Repeat_08_Fold_02",8,"Fold_02","Cu_OK",0.00760387535105972,0.0475847663073988,0.0563380281690141
"XGBoost","Repeat_08_Fold_03",8,"Fold_03","Dist_Silicified",0.524910613657292,0.339756000903856,0.225806451612903
"XGBoost","Repeat_08_Fold_03",8,"Fold_03","Pb_OK",0.23905108369582,0.213811585683875,0.25
"XGBoost","Repeat_08_Fold_03",8,"Fold_03","Dist_Brecciated",0.133623520065804,0.107049599951383,0.104838709677419
"XGBoost","Repeat_08_Fold_03",8,"Fold_03","Dist_Fault",0.0502901972535737,0.207609132040915,0.233870967741935
"XGBoost","Repeat_08_Fold_03",8,"Fold_03","Zn_OK",0.0449210242256008,0.0941113946446712,0.112903225806452
"XGBoost","Repeat_08_Fold_03",8,"Fold_03","Cu_OK",0.00720356110190937,0.0376622867752992,0.0725806451612903
"XGBoost","Repeat_08_Fold_04",8,"Fold_04","Dist_Silicified",0.619379780244981,0.38140125966998,0.280453257790368
"XGBoost","Repeat_08_Fold_04",8,"Fold_04","Dist_Brecciated",0.164845621356687,0.121564215661633,0.104815864022663
"XGBoost","Repeat_08_Fold_04",8,"Fold_04","Pb_OK",0.0991396669015814,0.158506955911802,0.218130311614731
"XGBoost","Repeat_08_Fold_04",8,"Fold_04","Zn_OK",0.0961582413093463,0.287341667992744,0.320113314447592
"XGBoost","Repeat_08_Fold_04",8,"Fold_04","Dist_Fault",0.0161021212965607,0.0321040259411737,0.0339943342776204
"XGBoost","Repeat_08_Fold_04",8,"Fold_04","Cu_OK",0.00437456889084311,0.0190818748226671,0.0424929178470255
"XGBoost","Repeat_08_Fold_05",8,"Fold_05","Dist_Silicified",0.491606556455203,0.288436704924686,0.166315789473684
"XGBoost","Repeat_08_Fold_05",8,"Fold_05","Dist_Brecciated",0.201953143780165,0.196179609300091,0.174736842105263
"XGBoost","Repeat_08_Fold_05",8,"Fold_05","Pb_OK",0.201391711878821,0.210435281719394,0.294736842105263
"XGBoost","Repeat_08_Fold_05",8,"Fold_05","Dist_Fault",0.0676340288973449,0.208252099530892,0.208421052631579
"XGBoost","Repeat_08_Fold_05",8,"Fold_05","Cu_OK",0.0280000930449506,0.0697131579730623,0.109473684210526
"XGBoost","Repeat_08_Fold_05",8,"Fold_05","Zn_OK",0.00941446594351493,0.0269831465518737,0.0463157894736842
"XGBoost","Repeat_09_Fold_01",9,"Fold_01","Dist_Silicified",0.62575762359211,0.391281181397045,0.312883435582822
"XGBoost","Repeat_09_Fold_01",9,"Fold_01","Dist_Brecciated",0.14437626240765,0.147550186873293,0.165644171779141
"XGBoost","Repeat_09_Fold_01",9,"Fold_01","Zn_OK",0.108123592189146,0.103816575599667,0.134969325153374
"XGBoost","Repeat_09_Fold_01",9,"Fold_01","Cu_OK",0.0685120725945182,0.157002722108488,0.098159509202454
"XGBoost","Repeat_09_Fold_01",9,"Fold_01","Dist_Fault",0.0280913157815607,0.13189768224197,0.153374233128834
"XGBoost","Repeat_09_Fold_01",9,"Fold_01","Pb_OK",0.0251391334350152,0.068451651779537,0.134969325153374
"XGBoost","Repeat_09_Fold_02",9,"Fold_02","Dist_Silicified",0.457781785408027,0.367216455178301,0.287769784172662
"XGBoost","Repeat_09_Fold_02",9,"Fold_02","Dist_Brecciated",0.294406653966233,0.15889862841248,0.143884892086331
"XGBoost","Repeat_09_Fold_02",9,"Fold_02","Dist_Fault",0.0926024581992086,0.24614821647025,0.237410071942446
"XGBoost","Repeat_09_Fold_02",9,"Fold_02","Pb_OK",0.0569884300060803,0.109219643589542,0.201438848920863
"XGBoost","Repeat_09_Fold_02",9,"Fold_02","Zn_OK",0.0496282305454607,0.0425286734330586,0.0359712230215827
"XGBoost","Repeat_09_Fold_02",9,"Fold_02","Cu_OK",0.0485924418749909,0.0759883829163677,0.0935251798561151
"XGBoost","Repeat_09_Fold_03",9,"Fold_03","Dist_Silicified",0.539770860490868,0.326943803413046,0.270676691729323
"XGBoost","Repeat_09_Fold_03",9,"Fold_03","Pb_OK",0.216734050981642,0.158542245518193,0.165413533834586
"XGBoost","Repeat_09_Fold_03",9,"Fold_03","Dist_Fault",0.125733132493775,0.310058847250915,0.315789473684211
"XGBoost","Repeat_09_Fold_03",9,"Fold_03","Dist_Brecciated",0.0746851475870947,0.0758831769620521,0.075187969924812
"XGBoost","Repeat_09_Fold_03",9,"Fold_03","Cu_OK",0.0236638116465339,0.050356901729614,0.075187969924812
"XGBoost","Repeat_09_Fold_03",9,"Fold_03","Zn_OK",0.0194129968000867,0.0782150251261797,0.0977443609022556
"XGBoost","Repeat_09_Fold_04",9,"Fold_04","Dist_Silicified",0.612687179632878,0.470647630817167,0.372146118721461
"XGBoost","Repeat_09_Fold_04",9,"Fold_04","Pb_OK",0.142677602269758,0.15843694703003,0.308219178082192
"XGBoost","Repeat_09_Fold_04",9,"Fold_04","Dist_Brecciated",0.091102094468706,0.086920087217858,0.0570776255707763
"XGBoost","Repeat_09_Fold_04",9,"Fold_04","Cu_OK",0.0817316694455225,0.141743959826584,0.121004566210046
"XGBoost","Repeat_09_Fold_04",9,"Fold_04","Dist_Fault",0.0411730850725078,0.0736580607665872,0.0707762557077626
"XGBoost","Repeat_09_Fold_04",9,"Fold_04","Zn_OK",0.0306283691106276,0.0685933143417738,0.0707762557077626
"XGBoost","Repeat_09_Fold_05",9,"Fold_05","Dist_Silicified",0.531335075321634,0.298267645945301,0.110283159463487
"XGBoost","Repeat_09_Fold_05",9,"Fold_05","Pb_OK",0.224030762737152,0.196858984203048,0.277198211624441
"XGBoost","Repeat_09_Fold_05",9,"Fold_05","Dist_Brecciated",0.132939499001339,0.253211827130188,0.27123695976155
"XGBoost","Repeat_09_Fold_05",9,"Fold_05","Cu_OK",0.0865118019592557,0.166647983742136,0.160953800298063
"XGBoost","Repeat_09_Fold_05",9,"Fold_05","Dist_Fault",0.0168623561865332,0.0433040247392798,0.0983606557377049
"XGBoost","Repeat_09_Fold_05",9,"Fold_05","Zn_OK",0.00832050479408634,0.0417095342400483,0.0819672131147541
"XGBoost","Repeat_10_Fold_01",10,"Fold_01","Dist_Silicified",0.609000578550283,0.405583205234093,0.257861635220126
"XGBoost","Repeat_10_Fold_01",10,"Fold_01","Dist_Brecciated",0.121765975903222,0.130901836630179,0.119496855345912
"XGBoost","Repeat_10_Fold_01",10,"Fold_01","Dist_Fault",0.103139615035758,0.25771272924983,0.251572327044025
"XGBoost","Repeat_10_Fold_01",10,"Fold_01","Pb_OK",0.0587165597678461,0.0744761732712544,0.163522012578616
"XGBoost","Repeat_10_Fold_01",10,"Fold_01","Cu_OK",0.0582618300649252,0.0736870423931151,0.0754716981132075
"XGBoost","Repeat_10_Fold_01",10,"Fold_01","Zn_OK",0.049115440677966,0.0576390132215279,0.132075471698113
"XGBoost","Repeat_10_Fold_02",10,"Fold_02","Dist_Silicified",0.493865805904623,0.346917941710579,0.28
"XGBoost","Repeat_10_Fold_02",10,"Fold_02","Dist_Fault",0.225751779684413,0.323961550061817,0.3088
"XGBoost","Repeat_10_Fold_02",10,"Fold_02","Zn_OK",0.0878763858588706,0.113751664275984,0.1152
"XGBoost","Repeat_10_Fold_02",10,"Fold_02","Dist_Brecciated",0.0801777503867047,0.0625365359084874,0.0624
"XGBoost","Repeat_10_Fold_02",10,"Fold_02","Cu_OK",0.0582170056326828,0.0695099881550933,0.0752
"XGBoost","Repeat_10_Fold_02",10,"Fold_02","Pb_OK",0.0541112725327058,0.0833223198880389,0.1584
"XGBoost","Repeat_10_Fold_03",10,"Fold_03","Dist_Silicified",0.354110138412155,0.228127037329103,0.157657657657658
"XGBoost","Repeat_10_Fold_03",10,"Fold_03","Pb_OK",0.281756930462154,0.118473708690843,0.13963963963964
"XGBoost","Repeat_10_Fold_03",10,"Fold_03","Dist_Fault",0.146872497757971,0.322941934266519,0.310810810810811
"XGBoost","Repeat_10_Fold_03",10,"Fold_03","Zn_OK",0.0920350585350025,0.0960352228144805,0.135135135135135
"XGBoost","Repeat_10_Fold_03",10,"Fold_03","Dist_Brecciated",0.084247790942099,0.111319207626425,0.0990990990990991
"XGBoost","Repeat_10_Fold_03",10,"Fold_03","Cu_OK",0.0409775838906183,0.123102889272629,0.157657657657658
"XGBoost","Repeat_10_Fold_04",10,"Fold_04","Dist_Silicified",0.609062250813676,0.372312776103348,0.291139240506329
"XGBoost","Repeat_10_Fold_04",10,"Fold_04","Pb_OK",0.161805176318255,0.202393153773364,0.278481012658228
"XGBoost","Repeat_10_Fold_04",10,"Fold_04","Dist_Brecciated",0.124262813180659,0.145964205060243,0.10126582278481
"XGBoost","Repeat_10_Fold_04",10,"Fold_04","Zn_OK",0.0655885503563661,0.182816181573689,0.177215189873418
"XGBoost","Repeat_10_Fold_04",10,"Fold_04","Cu_OK",0.0359133288769386,0.0746350367463029,0.10126582278481
"XGBoost","Repeat_10_Fold_04",10,"Fold_04","Dist_Fault",0.00336788045410539,0.0218786467430525,0.0506329113924051
"XGBoost","Repeat_10_Fold_05",10,"Fold_05","Dist_Silicified",0.467643640411601,0.377449848878067,0.304761904761905
"XGBoost","Repeat_10_Fold_05",10,"Fold_05","Pb_OK",0.246229469968157,0.132440384730108,0.173809523809524
"XGBoost","Repeat_10_Fold_05",10,"Fold_05","Dist_Brecciated",0.104227438785083,0.108813350853242,0.0976190476190476
"XGBoost","Repeat_10_Fold_05",10,"Fold_05","Cu_OK",0.0719215884752153,0.137512804109657,0.15
"XGBoost","Repeat_10_Fold_05",10,"Fold_05","Dist_Fault",0.0653756858498181,0.129069548748014,0.10952380952381
"XGBoost","Repeat_10_Fold_05",10,"Fold_05","Zn_OK",0.0446021765101261,0.114714062680912,0.164285714285714
"XGBoost","Repeat_11_Fold_01",11,"Fold_01","Dist_Silicified",0.513355189567884,0.277486481453021,0.190779014308426
"XGBoost","Repeat_11_Fold_01",11,"Fold_01","Dist_Fault",0.126820432311349,0.31674327600715,0.308426073131955
"XGBoost","Repeat_11_Fold_01",11,"Fold_01","Pb_OK",0.108356823628034,0.121289357488985,0.252782193958665
"XGBoost","Repeat_11_Fold_01",11,"Fold_01","Dist_Brecciated",0.103125778076312,0.100365748582213,0.068362480127186
"XGBoost","Repeat_11_Fold_01",11,"Fold_01","Zn_OK",0.0914463957921548,0.0927820210217439,0.114467408585056
"XGBoost","Repeat_11_Fold_01",11,"Fold_01","Cu_OK",0.0543608109896332,0.0872255185700752,0.0635930047694754
"XGBoost","Repeat_11_Fold_01",11,"Fold_01","Lithology3",0.0025345696346335,0.00410759687681227,0.00158982511923688
"XGBoost","Repeat_11_Fold_02",11,"Fold_02","Dist_Silicified",0.557666282858641,0.441059522175954,0.432038834951456
"XGBoost","Repeat_11_Fold_02",11,"Fold_02","Dist_Brecciated",0.207109001523698,0.138222095163316,0.0922330097087379
"XGBoost","Repeat_11_Fold_02",11,"Fold_02","Dist_Fault",0.110084962883185,0.208605196372609,0.182038834951456
"XGBoost","Repeat_11_Fold_02",11,"Fold_02","Cu_OK",0.0623085302772044,0.10568619605847,0.0970873786407767
"XGBoost","Repeat_11_Fold_02",11,"Fold_02","Pb_OK",0.0362072747570928,0.0749481400304801,0.140776699029126
"XGBoost","Repeat_11_Fold_02",11,"Fold_02","Zn_OK",0.0266239477001792,0.0314788501991707,0.0558252427184466
"XGBoost","Repeat_11_Fold_03",11,"Fold_03","Dist_Silicified",0.543000706848204,0.373431738721377,0.25
"XGBoost","Repeat_11_Fold_03",11,"Fold_03","Pb_OK",0.279900479890614,0.196167350268323,0.25
"XGBoost","Repeat_11_Fold_03",11,"Fold_03","Dist_Fault",0.0709611521494652,0.226402134930935,0.280612244897959
"XGBoost","Repeat_11_Fold_03",11,"Fold_03","Cu_OK",0.0574146823011586,0.0809282772641132,0.0663265306122449
"XGBoost","Repeat_11_Fold_03",11,"Fold_03","Dist_Brecciated",0.0411329413173304,0.0756453218347799,0.076530612244898
"XGBoost","Repeat_11_Fold_03",11,"Fold_03","Zn_OK",0.00759003749322836,0.0474251769804707,0.076530612244898
"XGBoost","Repeat_11_Fold_04",11,"Fold_04","Dist_Silicified",0.530087561580056,0.332379860788954,0.220657276995305
"XGBoost","Repeat_11_Fold_04",11,"Fold_04","Pb_OK",0.243221556154544,0.245718260860033,0.356807511737089
"XGBoost","Repeat_11_Fold_04",11,"Fold_04","Dist_Brecciated",0.0841220035323528,0.0773808753160628,0.07981220657277
"XGBoost","Repeat_11_Fold_04",11,"Fold_04","Zn_OK",0.0609950709219469,0.158734874277358,0.169014084507042
"XGBoost","Repeat_11_Fold_04",11,"Fold_04","Dist_Fault",0.0520991962103455,0.123134878947566,0.0845070422535211
"XGBoost","Repeat_11_Fold_04",11,"Fold_04","Cu_OK",0.0294746116007552,0.0626512498100256,0.0892018779342723
"XGBoost","Repeat_11_Fold_05",11,"Fold_05","Dist_Silicified",0.573815296433154,0.344691497142479,0.191489361702128
"XGBoost","Repeat_11_Fold_05",11,"Fold_05","Pb_OK",0.200368200934039,0.178942179936514,0.25
"XGBoost","Repeat_11_Fold_05",11,"Fold_05","Cu_OK",0.082552492923677,0.144508553173211,0.154255319148936
"XGBoost","Repeat_11_Fold_05",11,"Fold_05","Dist_Brecciated",0.0665350722763345,0.152531475711997,0.170212765957447
"XGBoost","Repeat_11_Fold_05",11,"Fold_05","Dist_Fault",0.0593725183116391,0.0968800104188306,0.0904255319148936
"XGBoost","Repeat_11_Fold_05",11,"Fold_05","Zn_OK",0.0173564191211567,0.0824462836169694,0.143617021276596
"XGBoost","Repeat_12_Fold_01",12,"Fold_01","Dist_Silicified",0.534725678866211,0.302242378000136,0.170454545454545
"XGBoost","Repeat_12_Fold_01",12,"Fold_01","Zn_OK",0.166115174303918,0.103815739775473,0.125
"XGBoost","Repeat_12_Fold_01",12,"Fold_01","Dist_Brecciated",0.117618050331375,0.230862689831802,0.232954545454545
"XGBoost","Repeat_12_Fold_01",12,"Fold_01","Dist_Fault",0.0934793822880165,0.190348707521363,0.193181818181818
"XGBoost","Repeat_12_Fold_01",12,"Fold_01","Pb_OK",0.0555222513407764,0.100043014276919,0.198863636363636
"XGBoost","Repeat_12_Fold_01",12,"Fold_01","Cu_OK",0.0325394628697026,0.0726874705943066,0.0795454545454545
"XGBoost","Repeat_12_Fold_02",12,"Fold_02","Dist_Silicified",0.443444517830377,0.279227046536134,0.180440771349862
"XGBoost","Repeat_12_Fold_02",12,"Fold_02","Dist_Fault",0.175361542504869,0.257939741816868,0.21763085399449
"XGBoost","Repeat_12_Fold_02",12,"Fold_02","Dist_Brecciated",0.169380964252676,0.143643201314693,0.150137741046832
"XGBoost","Repeat_12_Fold_02",12,"Fold_02","Cu_OK",0.107548741283574,0.151402808605999,0.169421487603306
"XGBoost","Repeat_12_Fold_02",12,"Fold_02","Pb_OK",0.0659034883366066,0.110063110052992,0.221763085399449
"XGBoost","Repeat_12_Fold_02",12,"Fold_02","Zn_OK",0.0383607457918978,0.0577240916733143,0.0606060606060606
"XGBoost","Repeat_12_Fold_03",12,"Fold_03","Dist_Silicified",0.551162094562131,0.365105945551453,0.285393258426966
"XGBoost","Repeat_12_Fold_03",12,"Fold_03","Cu_OK",0.122716033308075,0.20109094437755,0.161797752808989
"XGBoost","Repeat_12_Fold_03",12,"Fold_03","Pb_OK",0.122111642036521,0.09723507454813,0.137078651685393
"XGBoost","Repeat_12_Fold_03",12,"Fold_03","Dist_Fault",0.0906332458085645,0.193850820920599,0.204494382022472
"XGBoost","Repeat_12_Fold_03",12,"Fold_03","Dist_Brecciated",0.0651114885829668,0.0764208747117331,0.098876404494382
"XGBoost","Repeat_12_Fold_03",12,"Fold_03","Zn_OK",0.0482654957017418,0.0662963398905352,0.112359550561798
"XGBoost","Repeat_12_Fold_04",12,"Fold_04","Dist_Silicified",0.570998281048513,0.450844588283273,0.353535353535354
"XGBoost","Repeat_12_Fold_04",12,"Fold_04","Pb_OK",0.218427323675153,0.204551900538377,0.292929292929293
"XGBoost","Repeat_12_Fold_04",12,"Fold_04","Zn_OK",0.12174906142637,0.165084592296098,0.131313131313131
"XGBoost","Repeat_12_Fold_04",12,"Fold_04","Dist_Fault",0.0440608954235611,0.115468477100074,0.121212121212121
"XGBoost","Repeat_12_Fold_04",12,"Fold_04","Cu_OK",0.0360113955614885,0.0526368079077344,0.0707070707070707
"XGBoost","Repeat_12_Fold_04",12,"Fold_04","Dist_Brecciated",0.00875304286491436,0.0114136338744437,0.0303030303030303
"XGBoost","Repeat_12_Fold_05",12,"Fold_05","Dist_Silicified",0.393227828945854,0.254388507286286,0.133720930232558
"XGBoost","Repeat_12_Fold_05",12,"Fold_05","Pb_OK",0.341037313352841,0.25755020596734,0.302325581395349
"XGBoost","Repeat_12_Fold_05",12,"Fold_05","Dist_Brecciated",0.108756539669289,0.186272644155676,0.232558139534884
"XGBoost","Repeat_12_Fold_05",12,"Fold_05","Cu_OK",0.068059221143217,0.11191040930033,0.133720930232558
"XGBoost","Repeat_12_Fold_05",12,"Fold_05","Dist_Fault",0.0566823473469768,0.120023155698762,0.104651162790698
"XGBoost","Repeat_12_Fold_05",12,"Fold_05","Zn_OK",0.0322367495418222,0.0698550775916054,0.0930232558139535
"XGBoost","Repeat_13_Fold_01",13,"Fold_01","Dist_Silicified",0.493485467658913,0.315040825485267,0.241666666666667
"XGBoost","Repeat_13_Fold_01",13,"Fold_01","Dist_Brecciated",0.328347502412081,0.310604769258216,0.3
"XGBoost","Repeat_13_Fold_01",13,"Fold_01","Cu_OK",0.118618734260207,0.212134207674388,0.158333333333333
"XGBoost","Repeat_13_Fold_01",13,"Fold_01","Dist_Fault",0.0242931471380582,0.118675063721982,0.175
"XGBoost","Repeat_13_Fold_01",13,"Fold_01","Zn_OK",0.0196413856437135,0.0262745105758097,0.075
"XGBoost","Repeat_13_Fold_01",13,"Fold_01","Pb_OK",0.0156137628870263,0.0172706232843375,0.05
"XGBoost","Repeat_13_Fold_02",13,"Fold_02","Dist_Brecciated",0.393052752413835,0.241287146978901,0.142857142857143
"XGBoost","Repeat_13_Fold_02",13,"Fold_02","Dist_Silicified",0.311947606614926,0.25274196423805,0.246753246753247
"XGBoost","Repeat_13_Fold_02",13,"Fold_02","Dist_Fault",0.197131197231936,0.314779040353066,0.25974025974026
"XGBoost","Repeat_13_Fold_02",13,"Fold_02","Pb_OK",0.0458118408189309,0.0947469759405312,0.181818181818182
"XGBoost","Repeat_13_Fold_02",13,"Fold_02","Cu_OK",0.0299941382846537,0.0779745616598172,0.149350649350649
"XGBoost","Repeat_13_Fold_02",13,"Fold_02","Zn_OK",0.0220624646357184,0.0184703108296338,0.0194805194805195
"XGBoost","Repeat_13_Fold_03",13,"Fold_03","Dist_Silicified",0.60810132924198,0.438933177140873,0.322727272727273
"XGBoost","Repeat_13_Fold_03",13,"Fold_03","Dist_Brecciated",0.174851522189983,0.143803352056166,0.131818181818182
"XGBoost","Repeat_13_Fold_03",13,"Fold_03","Pb_OK",0.104985003968359,0.110791118487642,0.120454545454545
"XGBoost","Repeat_13_Fold_03",13,"Fold_03","Dist_Fault",0.0495857081184336,0.174287493856739,0.213636363636364
"XGBoost","Repeat_13_Fold_03",13,"Fold_03","Cu_OK",0.0376316228542605,0.08852721874373,0.122727272727273
"XGBoost","Repeat_13_Fold_03",13,"Fold_03","Zn_OK",0.0236569520244785,0.040280344488963,0.0863636363636364
"XGBoost","Repeat_13_Fold_03",13,"Fold_03","Lithology3",0.00118786160250549,0.00337729522588633,0.00227272727272727
"XGBoost","Repeat_13_Fold_04",13,"Fold_04","Dist_Silicified",0.603348488954809,0.35927790137822,0.243759177679883
"XGBoost","Repeat_13_Fold_04",13,"Fold_04","Pb_OK",0.121172299503761,0.146080258420831,0.245227606461087
"XGBoost","Repeat_13_Fold_04",13,"Fold_04","Dist_Brecciated",0.107419957173086,0.145214127452763,0.124816446402349
"XGBoost","Repeat_13_Fold_04",13,"Fold_04","Dist_Fault",0.0925964069987517,0.167326178315049,0.145374449339207
"XGBoost","Repeat_13_Fold_04",13,"Fold_04","Zn_OK",0.0459387337142441,0.119425844823436,0.185022026431718
"XGBoost","Repeat_13_Fold_04",13,"Fold_04","Cu_OK",0.0295241136553479,0.062675689609701,0.0558002936857562
"XGBoost","Repeat_13_Fold_05",13,"Fold_05","Dist_Silicified",0.553105644312154,0.340112195721016,0.227138643067847
"XGBoost","Repeat_13_Fold_05",13,"Fold_05","Pb_OK",0.192354049757993,0.208613359515677,0.250737463126844
"XGBoost","Repeat_13_Fold_05",13,"Fold_05","Dist_Brecciated",0.159183510288748,0.239869966117832,0.23598820058997
"XGBoost","Repeat_13_Fold_05",13,"Fold_05","Dist_Fault",0.0399875905210404,0.0911784582203362,0.0943952802359882
"XGBoost","Repeat_13_Fold_05",13,"Fold_05","Cu_OK",0.028243507157132,0.0626844421976985,0.103244837758112
"XGBoost","Repeat_13_Fold_05",13,"Fold_05","Zn_OK",0.0271256979629329,0.0575415782274397,0.0884955752212389
"XGBoost","Repeat_14_Fold_01",14,"Fold_01","Dist_Silicified",0.530239659241491,0.283513474103785,0.166666666666667
"XGBoost","Repeat_14_Fold_01",14,"Fold_01","Dist_Brecciated",0.210941475205973,0.199933901824243,0.199029126213592
"XGBoost","Repeat_14_Fold_01",14,"Fold_01","Pb_OK",0.0847332527574155,0.0949965511437663,0.155339805825243
"XGBoost","Repeat_14_Fold_01",14,"Fold_01","Zn_OK",0.0645444938470691,0.0905931520601302,0.13915857605178
"XGBoost","Repeat_14_Fold_01",14,"Fold_01","Cu_OK",0.0611613055228511,0.106156665133534,0.0970873786407767
"XGBoost","Repeat_14_Fold_01",14,"Fold_01","Dist_Fault",0.0483798134252,0.224806255734541,0.242718446601942
"XGBoost","Repeat_14_Fold_02",14,"Fold_02","Dist_Silicified",0.439986209414768,0.324037086125264,0.245136186770428
"XGBoost","Repeat_14_Fold_02",14,"Fold_02","Dist_Brecciated",0.347508474316242,0.243291699615094,0.171206225680934
"XGBoost","Repeat_14_Fold_02",14,"Fold_02","Pb_OK",0.0921426882468497,0.174091701437009,0.24124513618677
"XGBoost","Repeat_14_Fold_02",14,"Fold_02","Dist_Fault",0.067192662777665,0.147551373128956,0.190661478599222
"XGBoost","Repeat_14_Fold_02",14,"Fold_02","Cu_OK",0.026921562492546,0.0580457615344869,0.0856031128404669
"XGBoost","Repeat_14_Fold_02",14,"Fold_02","Zn_OK",0.0262484027519295,0.0529823781591897,0.066147859922179
"XGBoost","Repeat_14_Fold_03",14,"Fold_03","Dist_Silicified",0.518883706113112,0.309124913667653,0.219047619047619
"XGBoost","Repeat_14_Fold_03",14,"Fold_03","Dist_Fault",0.174699906757548,0.303305786900434,0.323809523809524
"XGBoost","Repeat_14_Fold_03",14,"Fold_03","Pb_OK",0.1390392978992,0.152192060350713,0.180952380952381
"XGBoost","Repeat_14_Fold_03",14,"Fold_03","Dist_Brecciated",0.126179946712613,0.144265705046538,0.133333333333333
"XGBoost","Repeat_14_Fold_03",14,"Fold_03","Zn_OK",0.0217411076592896,0.043273472105537,0.0761904761904762
"XGBoost","Repeat_14_Fold_03",14,"Fold_03","Cu_OK",0.0194560348582365,0.0478380619291255,0.0666666666666667
"XGBoost","Repeat_14_Fold_04",14,"Fold_04","Dist_Silicified",0.638751990976304,0.453520134836082,0.361413043478261
"XGBoost","Repeat_14_Fold_04",14,"Fold_04","Pb_OK",0.14914861185379,0.227476022395619,0.326086956521739
"XGBoost","Repeat_14_Fold_04",14,"Fold_04","Zn_OK",0.109959885237711,0.169999634278428,0.152173913043478
"XGBoost","Repeat_14_Fold_04",14,"Fold_04","Dist_Fault",0.0490431818130155,0.0567206825953725,0.0570652173913043
"XGBoost","Repeat_14_Fold_04",14,"Fold_04","Dist_Brecciated",0.0385730212816813,0.0650095536672336,0.0597826086956522
"XGBoost","Repeat_14_Fold_04",14,"Fold_04","Cu_OK",0.0145233088374984,0.0272739722272643,0.0434782608695652
"XGBoost","Repeat_14_Fold_05",14,"Fold_05","Dist_Silicified",0.414890363259819,0.230935400404822,0.157522123893805
"XGBoost","Repeat_14_Fold_05",14,"Fold_05","Pb_OK",0.240012062411622,0.184826967721618,0.217699115044248
"XGBoost","Repeat_14_Fold_05",14,"Fold_05","Dist_Brecciated",0.21336942031122,0.278274858024969,0.276106194690265
"XGBoost","Repeat_14_Fold_05",14,"Fold_05","Cu_OK",0.0604779453588934,0.0830390570688292,0.0831858407079646
"XGBoost","Repeat_14_Fold_05",14,"Fold_05","Zn_OK",0.0509457747751315,0.162255068679334,0.189380530973451
"XGBoost","Repeat_14_Fold_05",14,"Fold_05","Dist_Fault",0.0203044338833139,0.0606686481004277,0.0761061946902655
"XGBoost","Repeat_15_Fold_01",15,"Fold_01","Dist_Silicified",0.460325465659326,0.31393417520462,0.2
"XGBoost","Repeat_15_Fold_01",15,"Fold_01","Zn_OK",0.168859406848114,0.10399464029747,0.127777777777778
"XGBoost","Repeat_15_Fold_01",15,"Fold_01","Dist_Fault",0.103254685650933,0.214901042660956,0.316666666666667
"XGBoost","Repeat_15_Fold_01",15,"Fold_01","Dist_Brecciated",0.100666228438265,0.0842183345693443,0.0722222222222222
"XGBoost","Repeat_15_Fold_01",15,"Fold_01","Cu_OK",0.0948182561899665,0.145586585402422,0.0833333333333333
"XGBoost","Repeat_15_Fold_01",15,"Fold_01","Pb_OK",0.072075957213395,0.137365221865187,0.2
"XGBoost","Repeat_15_Fold_02",15,"Fold_02","Dist_Silicified",0.527474634509766,0.41848531602036,0.391304347826087
"XGBoost","Repeat_15_Fold_02",15,"Fold_02","Dist_Brecciated",0.204349998097904,0.153163058422069,0.178260869565217
"XGBoost","Repeat_15_Fold_02",15,"Fold_02","Dist_Fault",0.146777182530897,0.225898938314403,0.155072463768116
"XGBoost","Repeat_15_Fold_02",15,"Fold_02","Cu_OK",0.0536966173525732,0.112511787422208,0.114492753623188
"XGBoost","Repeat_15_Fold_02",15,"Fold_02","Zn_OK",0.0345237265407874,0.0419876922960173,0.0536231884057971
"XGBoost","Repeat_15_Fold_02",15,"Fold_02","Pb_OK",0.0331778409680724,0.0479532075249422,0.107246376811594
"XGBoost","Repeat_15_Fold_03",15,"Fold_03","Dist_Silicified",0.403463161774085,0.260201078571312,0.17910447761194
"XGBoost","Repeat_15_Fold_03",15,"Fold_03","Pb_OK",0.23232240625099,0.182574317215385,0.208955223880597
"XGBoost","Repeat_15_Fold_03",15,"Fold_03","Dist_Brecciated",0.114088564375964,0.152733733094235,0.171641791044776
"XGBoost","Repeat_15_Fold_03",15,"Fold_03","Cu_OK",0.0984655813498423,0.144150789262397,0.149253731343284
"XGBoost","Repeat_15_Fold_03",15,"Fold_03","Dist_Fault",0.0928439400466381,0.174753817590033,0.186567164179104
"XGBoost","Repeat_15_Fold_03",15,"Fold_03","Zn_OK",0.0588163462024804,0.0855862642666377,0.104477611940299
"XGBoost","Repeat_15_Fold_04",15,"Fold_04","Dist_Silicified",0.544750535764815,0.346403725295682,0.2656
"XGBoost","Repeat_15_Fold_04",15,"Fold_04","Dist_Brecciated",0.136183401099103,0.104809184540274,0.0768
"XGBoost","Repeat_15_Fold_04",15,"Fold_04","Pb_OK",0.111486152081296,0.116870707512803,0.2512
"XGBoost","Repeat_15_Fold_04",15,"Fold_04","Cu_OK",0.0936614028931533,0.144133390334613,0.112
"XGBoost","Repeat_15_Fold_04",15,"Fold_04","Zn_OK",0.0685342908242178,0.152836547843515,0.1984
"XGBoost","Repeat_15_Fold_04",15,"Fold_04","Dist_Fault",0.0453842173374156,0.134946444473113,0.096
"XGBoost","Repeat_15_Fold_05",15,"Fold_05","Pb_OK",0.375650284795568,0.28001484700183,0.296296296296296
"XGBoost","Repeat_15_Fold_05",15,"Fold_05","Dist_Brecciated",0.277786905976005,0.266719757069482,0.266666666666667
"XGBoost","Repeat_15_Fold_05",15,"Fold_05","Dist_Silicified",0.26801784418173,0.228343054789068,0.162962962962963
"XGBoost","Repeat_15_Fold_05",15,"Fold_05","Zn_OK",0.039905070775914,0.0909638459092285,0.125925925925926
"XGBoost","Repeat_15_Fold_05",15,"Fold_05","Dist_Fault",0.0293175195755904,0.102422019901172,0.111111111111111
"XGBoost","Repeat_15_Fold_05",15,"Fold_05","Cu_OK",0.00932237469519199,0.0315364753292197,0.037037037037037
"XGBoost","Repeat_16_Fold_01",16,"Fold_01","Dist_Silicified",0.635070408179611,0.405869345601627,0.268057784911718
"XGBoost","Repeat_16_Fold_01",16,"Fold_01","Dist_Brecciated",0.110918512226827,0.126194415315734,0.123595505617978
"XGBoost","Repeat_16_Fold_01",16,"Fold_01","Pb_OK",0.0925421791457667,0.0826971430699342,0.162118780096308
"XGBoost","Repeat_16_Fold_01",16,"Fold_01","Zn_OK",0.0884557287699773,0.0770826052693602,0.12199036918138
"XGBoost","Repeat_16_Fold_01",16,"Fold_01","Cu_OK",0.0484429809900313,0.0914632835772724,0.109149277688604
"XGBoost","Repeat_16_Fold_01",16,"Fold_01","Dist_Fault",0.0245701906877868,0.216693207166072,0.215088282504013
"XGBoost","Repeat_16_Fold_02",16,"Fold_02","Dist_Silicified",0.531629281488305,0.399129139731783,0.278825995807128
"XGBoost","Repeat_16_Fold_02",16,"Fold_02","Dist_Brecciated",0.210276134533858,0.157249749583517,0.119496855345912
"XGBoost","Repeat_16_Fold_02",16,"Fold_02","Dist_Fault",0.159378244312347,0.247985851973693,0.234800838574423
"XGBoost","Repeat_16_Fold_02",16,"Fold_02","Pb_OK",0.0540250012672278,0.10509536692184,0.182389937106918
"XGBoost","Repeat_16_Fold_02",16,"Fold_02","Cu_OK",0.035114078720747,0.0685607369085705,0.121593291404612
"XGBoost","Repeat_16_Fold_02",16,"Fold_02","Zn_OK",0.00957725967751498,0.0219791548805966,0.0628930817610063
"XGBoost","Repeat_16_Fold_03",16,"Fold_03","Dist_Silicified",0.461923532889444,0.306609102739992,0.185897435897436
"XGBoost","Repeat_16_Fold_03",16,"Fold_03","Pb_OK",0.303005060610522,0.217761437315729,0.243589743589744
"XGBoost","Repeat_16_Fold_03",16,"Fold_03","Dist_Brecciated",0.0999355207465164,0.126738342452786,0.0833333333333333
"XGBoost","Repeat_16_Fold_03",16,"Fold_03","Zn_OK",0.0659897507112341,0.159727734969878,0.192307692307692
"XGBoost","Repeat_16_Fold_03",16,"Fold_03","Dist_Fault",0.0493825128001847,0.151719404674028,0.185897435897436
"XGBoost","Repeat_16_Fold_03",16,"Fold_03","Cu_OK",0.0197636222420988,0.0374439778475867,0.108974358974359
"XGBoost","Repeat_16_Fold_04",16,"Fold_04","Dist_Silicified",0.578676363543065,0.512144801713791,0.431906614785992
"XGBoost","Repeat_16_Fold_04",16,"Fold_04","Pb_OK",0.174028310860298,0.195366797636344,0.264591439688716
"XGBoost","Repeat_16_Fold_04",16,"Fold_04","Dist_Brecciated",0.125040398899789,0.101537275494005,0.0894941634241245
"XGBoost","Repeat_16_Fold_04",16,"Fold_04","Zn_OK",0.0935421341630061,0.139442909595515,0.143968871595331
"XGBoost","Repeat_16_Fold_04",16,"Fold_04","Cu_OK",0.0150727866567719,0.0302380144160356,0.0505836575875486
"XGBoost","Repeat_16_Fold_04",16,"Fold_04","Dist_Fault",0.0136400058770699,0.0212702011443086,0.0194552529182879
"XGBoost","Repeat_16_Fold_05",16,"Fold_05","Dist_Silicified",0.42877445856174,0.368606622520779,0.344370860927152
"XGBoost","Repeat_16_Fold_05",16,"Fold_05","Dist_Brecciated",0.252126324509848,0.178780446473615,0.125827814569536
"XGBoost","Repeat_16_Fold_05",16,"Fold_05","Pb_OK",0.161304661199938,0.187182160171312,0.264900662251656
"XGBoost","Repeat_16_Fold_05",16,"Fold_05","Cu_OK",0.148958415905999,0.22056339418001,0.172185430463576
"XGBoost","Repeat_16_Fold_05",16,"Fold_05","Dist_Fault",0.00819289387414878,0.0371036245047863,0.0596026490066225
"XGBoost","Repeat_16_Fold_05",16,"Fold_05","Zn_OK",0.000643245948326335,0.00776375214949803,0.033112582781457
"XGBoost","Repeat_17_Fold_01",17,"Fold_01","Dist_Silicified",0.57799987218802,0.358304060946276,0.230769230769231
"XGBoost","Repeat_17_Fold_01",17,"Fold_01","Dist_Brecciated",0.128831744173366,0.131499942327063,0.140468227424749
"XGBoost","Repeat_17_Fold_01",17,"Fold_01","Pb_OK",0.108530756266006,0.133473605740273,0.207357859531773
"XGBoost","Repeat_17_Fold_01",17,"Fold_01","Zn_OK",0.0762942591379187,0.0691689743681897,0.0769230769230769
"XGBoost","Repeat_17_Fold_01",17,"Fold_01","Cu_OK",0.0565212760870539,0.130570377824539,0.140468227424749
"XGBoost","Repeat_17_Fold_01",17,"Fold_01","Dist_Fault",0.0518220921476348,0.176983038793659,0.204013377926421
"XGBoost","Repeat_17_Fold_02",17,"Fold_02","Dist_Silicified",0.42023504905892,0.350117881262318,0.259493670886076
"XGBoost","Repeat_17_Fold_02",17,"Fold_02","Dist_Brecciated",0.302637783221856,0.195298327408207,0.158227848101266
"XGBoost","Repeat_17_Fold_02",17,"Fold_02","Dist_Fault",0.185601271040089,0.303469598973757,0.30379746835443
"XGBoost","Repeat_17_Fold_02",17,"Fold_02","Cu_OK",0.0389380322653843,0.0488151194153425,0.069620253164557
"XGBoost","Repeat_17_Fold_02",17,"Fold_02","Pb_OK",0.0384168437814268,0.0609477026951785,0.126582278481013
"XGBoost","Repeat_17_Fold_02",17,"Fold_02","Zn_OK",0.0141710206323236,0.0413513702451973,0.0822784810126582
"XGBoost","Repeat_17_Fold_03",17,"Fold_03","Dist_Silicified",0.539578789757712,0.296245866482774,0.131979695431472
"XGBoost","Repeat_17_Fold_03",17,"Fold_03","Pb_OK",0.1367430598908,0.176033663786494,0.213197969543147
"XGBoost","Repeat_17_Fold_03",17,"Fold_03","Dist_Brecciated",0.106664154711967,0.110259161062174,0.0964467005076142
"XGBoost","Repeat_17_Fold_03",17,"Fold_03","Dist_Fault",0.0874686843529148,0.185739596164646,0.208121827411168
"XGBoost","Repeat_17_Fold_03",17,"Fold_03","Cu_OK",0.0659208229434346,0.143838459392336,0.203045685279188
"XGBoost","Repeat_17_Fold_03",17,"Fold_03","Zn_OK",0.0636244883431717,0.0878832531115765,0.147208121827411
"XGBoost","Repeat_17_Fold_04",17,"Fold_04","Dist_Silicified",0.596605589672698,0.376605321195853,0.2625
"XGBoost","Repeat_17_Fold_04",17,"Fold_04","Dist_Brecciated",0.129420146193157,0.120508156632361,0.125
"XGBoost","Repeat_17_Fold_04",17,"Fold_04","Pb_OK",0.112643856966709,0.206082955144545,0.275
"XGBoost","Repeat_17_Fold_04",17,"Fold_04","Zn_OK",0.109761663042192,0.205401498247702,0.2
"XGBoost","Repeat_17_Fold_04",17,"Fold_04","Cu_OK",0.048167818120956,0.0636806456374108,0.1125
"XGBoost","Repeat_17_Fold_04",17,"Fold_04","Dist_Fault",0.00340092600428768,0.0277214231421291,0.025
"XGBoost","Repeat_17_Fold_05",17,"Fold_05","Dist_Silicified",0.467874658566218,0.280344653878003,0.17
"XGBoost","Repeat_17_Fold_05",17,"Fold_05","Dist_Brecciated",0.200782160026335,0.198821616696962,0.2
"XGBoost","Repeat_17_Fold_05",17,"Fold_05","Pb_OK",0.154252312416757,0.219159887289257,0.29
"XGBoost","Repeat_17_Fold_05",17,"Fold_05","Dist_Fault",0.125169316353364,0.151218872550971,0.13
"XGBoost","Repeat_17_Fold_05",17,"Fold_05","Zn_OK",0.0460639669595673,0.118803394550681,0.18
"XGBoost","Repeat_17_Fold_05",17,"Fold_05","Cu_OK",0.00585758567775938,0.0316515750341263,0.03
"XGBoost","Repeat_18_Fold_01",18,"Fold_01","Dist_Silicified",0.613550209063424,0.342916411679014,0.230769230769231
"XGBoost","Repeat_18_Fold_01",18,"Fold_01","Dist_Brecciated",0.197792101227307,0.259855707931369,0.241758241758242
"XGBoost","Repeat_18_Fold_01",18,"Fold_01","Zn_OK",0.0801515359876094,0.0846976411856489,0.0989010989010989
"XGBoost","Repeat_18_Fold_01",18,"Fold_01","Dist_Fault",0.0543926248597982,0.196284040535424,0.263736263736264
"XGBoost","Repeat_18_Fold_01",18,"Fold_01","Pb_OK",0.0394864944190571,0.0904788293816748,0.142857142857143
"XGBoost","Repeat_18_Fold_01",18,"Fold_01","Cu_OK",0.0146270344428042,0.0257673692868685,0.021978021978022
"XGBoost","Repeat_18_Fold_02",18,"Fold_02","Dist_Silicified",0.482154828570389,0.315395568963238,0.21875
"XGBoost","Repeat_18_Fold_02",18,"Fold_02","Dist_Brecciated",0.313798358971102,0.203693018488159,0.21875
"XGBoost","Repeat_18_Fold_02",18,"Fold_02","Pb_OK",0.113136733207034,0.243337159345225,0.302083333333333
"XGBoost","Repeat_18_Fold_02",18,"Fold_02","Dist_Fault",0.0594660056781795,0.100704182311397,0.0833333333333333
"XGBoost","Repeat_18_Fold_02",18,"Fold_02","Zn_OK",0.0221021987112328,0.108394529148018,0.135416666666667
"XGBoost","Repeat_18_Fold_02",18,"Fold_02","Cu_OK",0.00934187486206285,0.0284755417439616,0.0416666666666667
"XGBoost","Repeat_18_Fold_03",18,"Fold_03","Dist_Silicified",0.469877945130784,0.295674321919055,0.15018315018315
"XGBoost","Repeat_18_Fold_03",18,"Fold_03","Pb_OK",0.264238263860906,0.208718163731777,0.228937728937729
"XGBoost","Repeat_18_Fold_03",18,"Fold_03","Dist_Fault",0.107570572357301,0.249398463467855,0.282051282051282
"XGBoost","Repeat_18_Fold_03",18,"Fold_03","Dist_Brecciated",0.0673913474874566,0.0950811954381328,0.0842490842490843
"XGBoost","Repeat_18_Fold_03",18,"Fold_03","Zn_OK",0.0619655835940216,0.096949209845892,0.142857142857143
"XGBoost","Repeat_18_Fold_03",18,"Fold_03","Cu_OK",0.0289562875695313,0.0541786455972892,0.111721611721612
"XGBoost","Repeat_18_Fold_04",18,"Fold_04","Dist_Silicified",0.491144367388217,0.285215480398732,0.2
"XGBoost","Repeat_18_Fold_04",18,"Fold_04","Zn_OK",0.198176946717874,0.258204785403937,0.264705882352941
"XGBoost","Repeat_18_Fold_04",18,"Fold_04","Pb_OK",0.141053349870306,0.199790981345146,0.25
"XGBoost","Repeat_18_Fold_04",18,"Fold_04","Dist_Brecciated",0.104811018782249,0.0777801754963992,0.0676470588235294
"XGBoost","Repeat_18_Fold_04",18,"Fold_04","Cu_OK",0.0440307019742034,0.114973614594641,0.152941176470588
"XGBoost","Repeat_18_Fold_04",18,"Fold_04","Dist_Fault",0.0207836152671503,0.0640349627611446,0.0647058823529412
"XGBoost","Repeat_18_Fold_05",18,"Fold_05","Dist_Silicified",0.508534260686928,0.329205089261269,0.212938005390836
"XGBoost","Repeat_18_Fold_05",18,"Fold_05","Pb_OK",0.355731537398158,0.371704356740013,0.431266846361186
"XGBoost","Repeat_18_Fold_05",18,"Fold_05","Dist_Brecciated",0.0727100866847721,0.141138573344172,0.164420485175202
"XGBoost","Repeat_18_Fold_05",18,"Fold_05","Zn_OK",0.0323292431353117,0.0609480453333263,0.0889487870619946
"XGBoost","Repeat_18_Fold_05",18,"Fold_05","Dist_Fault",0.0228030298943027,0.0506962988704268,0.0512129380053908
"XGBoost","Repeat_18_Fold_05",18,"Fold_05","Cu_OK",0.00789184220052765,0.0463076364507924,0.0512129380053908
"XGBoost","Repeat_19_Fold_01",19,"Fold_01","Dist_Silicified",0.522704663445236,0.278362460363657,0.181034482758621
"XGBoost","Repeat_19_Fold_01",19,"Fold_01","Dist_Brecciated",0.204699519281541,0.231742000192103,0.241379310344828
"XGBoost","Repeat_19_Fold_01",19,"Fold_01","Zn_OK",0.0773117738868265,0.0896960029578703,0.0775862068965517
"XGBoost","Repeat_19_Fold_01",19,"Fold_01","Pb_OK",0.0771892529393987,0.153979557513705,0.224137931034483
"XGBoost","Repeat_19_Fold_01",19,"Fold_01","Dist_Fault",0.0616292606255945,0.179294723821406,0.198275862068966
"XGBoost","Repeat_19_Fold_01",19,"Fold_01","Cu_OK",0.056465529821403,0.0669252551512583,0.0775862068965517
"XGBoost","Repeat_19_Fold_02",19,"Fold_02","Dist_Silicified",0.513378407690074,0.366356400315194,0.263157894736842
"XGBoost","Repeat_19_Fold_02",19,"Fold_02","Dist_Brecciated",0.202745285151393,0.14844262650662,0.115789473684211
"XGBoost","Repeat_19_Fold_02",19,"Fold_02","Dist_Fault",0.133831617894785,0.230692487818781,0.263157894736842
"XGBoost","Repeat_19_Fold_02",19,"Fold_02","Cu_OK",0.0981465831676145,0.186802577650755,0.242105263157895
"XGBoost","Repeat_19_Fold_02",19,"Fold_02","Pb_OK",0.0353446929931212,0.0424114405427086,0.0736842105263158
"XGBoost","Repeat_19_Fold_02",19,"Fold_02","Zn_OK",0.0165534131030127,0.0252944671659414,0.0421052631578947
"XGBoost","Repeat_19_Fold_03",19,"Fold_03","Dist_Silicified",0.42962038684425,0.279873014048665,0.20703933747412
"XGBoost","Repeat_19_Fold_03",19,"Fold_03","Pb_OK",0.19483921642612,0.1229745152086,0.130434782608696
"XGBoost","Repeat_19_Fold_03",19,"Fold_03","Dist_Brecciated",0.182808981121531,0.146967168821298,0.122153209109731
"XGBoost","Repeat_19_Fold_03",19,"Fold_03","Cu_OK",0.0779225009856148,0.155461695693182,0.173913043478261
"XGBoost","Repeat_19_Fold_03",19,"Fold_03","Dist_Fault",0.0721484991199439,0.226471417792481,0.225672877846791
"XGBoost","Repeat_19_Fold_03",19,"Fold_03","Zn_OK",0.0426604155025413,0.068252188435774,0.140786749482402
"XGBoost","Repeat_19_Fold_04",19,"Fold_04","Dist_Silicified",0.591967125084771,0.291943769921566,0.151351351351351
"XGBoost","Repeat_19_Fold_04",19,"Fold_04","Pb_OK",0.160853883482603,0.209504050766873,0.345945945945946
"XGBoost","Repeat_19_Fold_04",19,"Fold_04","Dist_Brecciated",0.0932005158093355,0.154098939209466,0.113513513513514
"XGBoost","Repeat_19_Fold_04",19,"Fold_04","Cu_OK",0.0652748269384788,0.119172736659642,0.0972972972972973
"XGBoost","Repeat_19_Fold_04",19,"Fold_04","Zn_OK",0.0626893714470801,0.160160520832755,0.189189189189189
"XGBoost","Repeat_19_Fold_04",19,"Fold_04","Dist_Fault",0.026014277237731,0.0651199826096982,0.102702702702703
"XGBoost","Repeat_19_Fold_05",19,"Fold_05","Dist_Silicified",0.51059722839422,0.335606919501198,0.198744769874477
"XGBoost","Repeat_19_Fold_05",19,"Fold_05","Pb_OK",0.186334861649871,0.129027924676468,0.184100418410042
"XGBoost","Repeat_19_Fold_05",19,"Fold_05","Dist_Brecciated",0.143783432078233,0.210878670593695,0.202928870292887
"XGBoost","Repeat_19_Fold_05",19,"Fold_05","Dist_Fault",0.0633767885000525,0.154191315919056,0.173640167364017
"XGBoost","Repeat_19_Fold_05",19,"Fold_05","Cu_OK",0.0481215640335932,0.0975324288127701,0.108786610878661
"XGBoost","Repeat_19_Fold_05",19,"Fold_05","Zn_OK",0.0477861253440309,0.072762740496813,0.131799163179916
"XGBoost","Repeat_20_Fold_01",20,"Fold_01","Dist_Silicified",0.579182053573696,0.347076280465303,0.222760290556901
"XGBoost","Repeat_20_Fold_01",20,"Fold_01","Dist_Brecciated",0.137584726323629,0.144097715979506,0.157384987893462
"XGBoost","Repeat_20_Fold_01",20,"Fold_01","Cu_OK",0.130270639055452,0.20953775597748,0.171912832929782
"XGBoost","Repeat_20_Fold_01",20,"Fold_01","Dist_Fault",0.0648426234357239,0.157986181763216,0.198547215496368
"XGBoost","Repeat_20_Fold_01",20,"Fold_01","Pb_OK",0.0529290099463397,0.0886594339212604,0.154963680387409
"XGBoost","Repeat_20_Fold_01",20,"Fold_01","Zn_OK",0.0351909476651601,0.0526426318932346,0.0944309927360775
"XGBoost","Repeat_20_Fold_02",20,"Fold_02","Dist_Silicified",0.467001578318814,0.3596178842686,0.327746741154562
"XGBoost","Repeat_20_Fold_02",20,"Fold_02","Dist_Brecciated",0.199187187672481,0.179580046908082,0.169459962756052
"XGBoost","Repeat_20_Fold_02",20,"Fold_02","Dist_Fault",0.194263905236209,0.262805290224029,0.197392923649907
"XGBoost","Repeat_20_Fold_02",20,"Fold_02","Cu_OK",0.0699190790747981,0.125510562933643,0.148975791433892
"XGBoost","Repeat_20_Fold_02",20,"Fold_02","Pb_OK",0.0491297091364885,0.047925482494083,0.113594040968343
"XGBoost","Repeat_20_Fold_02",20,"Fold_02","Zn_OK",0.0204985405612092,0.0245607331715635,0.042830540037244
"XGBoost","Repeat_20_Fold_03",20,"Fold_03","Dist_Silicified",0.416252771358352,0.30973030928106,0.211678832116788
"XGBoost","Repeat_20_Fold_03",20,"Fold_03","Pb_OK",0.302067297112651,0.235106756201828,0.211678832116788
"XGBoost","Repeat_20_Fold_03",20,"Fold_03","Dist_Brecciated",0.107221040226254,0.0668220045222151,0.0656934306569343
"XGBoost","Repeat_20_Fold_03",20,"Fold_03","Cu_OK",0.0795845367617458,0.182231065946023,0.218978102189781
"XGBoost","Repeat_20_Fold_03",20,"Fold_03","Dist_Fault",0.0535497429466524,0.131518482112186,0.153284671532847
"XGBoost","Repeat_20_Fold_03",20,"Fold_03","Zn_OK",0.0413246115943446,0.0745913819366876,0.138686131386861
"XGBoost","Repeat_20_Fold_04",20,"Fold_04","Dist_Silicified",0.614154034643172,0.4563201877183,0.322784810126582
"XGBoost","Repeat_20_Fold_04",20,"Fold_04","Pb_OK",0.165959255643399,0.19707595874864,0.278481012658228
"XGBoost","Repeat_20_Fold_04",20,"Fold_04","Zn_OK",0.121708470268197,0.213432230701891,0.221518987341772
"XGBoost","Repeat_20_Fold_04",20,"Fold_04","Dist_Brecciated",0.0592842530152564,0.0319112988083848,0.0379746835443038
"XGBoost","Repeat_20_Fold_04",20,"Fold_04","Dist_Fault",0.0211145262140921,0.0620867028629537,0.0949367088607595
"XGBoost","Repeat_20_Fold_04",20,"Fold_04","Cu_OK",0.017779460215884,0.0391736211598303,0.0443037974683544
"XGBoost","Repeat_20_Fold_05",20,"Fold_05","Dist_Silicified",0.377791654444381,0.270024610954532,0.195945945945946
"XGBoost","Repeat_20_Fold_05",20,"Fold_05","Pb_OK",0.267891083942422,0.161329884369503,0.263513513513513
"XGBoost","Repeat_20_Fold_05",20,"Fold_05","Dist_Brecciated",0.184251774761196,0.184802030788197,0.168918918918919
"XGBoost","Repeat_20_Fold_05",20,"Fold_05","Cu_OK",0.0863893083063357,0.172700531359368,0.114864864864865
"XGBoost","Repeat_20_Fold_05",20,"Fold_05","Zn_OK",0.0462452495812963,0.0534258467920426,0.0810810810810811
"XGBoost","Repeat_20_Fold_05",20,"Fold_05","Dist_Fault",0.0374309289643692,0.157717095736358,0.175675675675676
"XGBoost","Repeat_21_Fold_01",21,"Fold_01","Dist_Silicified",0.499733018957733,0.309873396382749,0.178294573643411
"XGBoost","Repeat_21_Fold_01",21,"Fold_01","Dist_Brecciated",0.231265113072038,0.252681359676033,0.27906976744186
"XGBoost","Repeat_21_Fold_01",21,"Fold_01","Zn_OK",0.140725924295137,0.102195980374772,0.131782945736434
"XGBoost","Repeat_21_Fold_01",21,"Fold_01","Cu_OK",0.0672024288863365,0.126219192392066,0.108527131782946
"XGBoost","Repeat_21_Fold_01",21,"Fold_01","Pb_OK",0.0310297424027622,0.0504491864211317,0.10077519379845
"XGBoost","Repeat_21_Fold_01",21,"Fold_01","Dist_Fault",0.030043772385993,0.158580884753249,0.201550387596899
"XGBoost","Repeat_21_Fold_02",21,"Fold_02","Dist_Silicified",0.570889981464928,0.396619159009775,0.286778398510242
"XGBoost","Repeat_21_Fold_02",21,"Fold_02","Dist_Brecciated",0.145528813378166,0.118778904912522,0.11731843575419
"XGBoost","Repeat_21_Fold_02",21,"Fold_02","Pb_OK",0.134494969784232,0.258119293643411,0.324022346368715
"XGBoost","Repeat_21_Fold_02",21,"Fold_02","Dist_Fault",0.0795361882423468,0.0780910774471695,0.0726256983240224
"XGBoost","Repeat_21_Fold_02",21,"Fold_02","Zn_OK",0.0383226247731118,0.0959069713566115,0.124767225325885
"XGBoost","Repeat_21_Fold_02",21,"Fold_02","Cu_OK",0.0312274223572153,0.0524845936305109,0.074487895716946
"XGBoost","Repeat_21_Fold_03",21,"Fold_03","Dist_Silicified",0.476321744619335,0.264324676639768,0.179001721170396
"XGBoost","Repeat_21_Fold_03",21,"Fold_03","Pb_OK",0.156372622629892,0.13891316493575,0.17039586919105
"XGBoost","Repeat_21_Fold_03",21,"Fold_03","Dist_Brecciated",0.138586574208578,0.151819507876985,0.172117039586919
"XGBoost","Repeat_21_Fold_03",21,"Fold_03","Dist_Fault",0.133766992362944,0.239756177381997,0.23407917383821
"XGBoost","Repeat_21_Fold_03",21,"Fold_03","Cu_OK",0.049476301698368,0.120137949752469,0.130808950086059
"XGBoost","Repeat_21_Fold_03",21,"Fold_03","Zn_OK",0.0454757644808819,0.0850485234130309,0.113597246127367
"XGBoost","Repeat_21_Fold_04",21,"Fold_04","Dist_Silicified",0.536029548945108,0.37401039608158,0.236363636363636
"XGBoost","Repeat_21_Fold_04",21,"Fold_04","Zn_OK",0.189620329241512,0.24919010923673,0.263636363636364
"XGBoost","Repeat_21_Fold_04",21,"Fold_04","Dist_Brecciated",0.123299462231045,0.130185954135308,0.1
"XGBoost","Repeat_21_Fold_04",21,"Fold_04","Pb_OK",0.0861355743848822,0.119739531079135,0.236363636363636
"XGBoost","Repeat_21_Fold_04",21,"Fold_04","Dist_Fault",0.0380630941471492,0.0696028887407182,0.0636363636363636
"XGBoost","Repeat_21_Fold_04",21,"Fold_04","Cu_OK",0.0268519910503041,0.057271120726529,0.1
"XGBoost","Repeat_21_Fold_05",21,"Fold_05","Dist_Silicified",0.491511474846415,0.323855319045382,0.215425531914894
"XGBoost","Repeat_21_Fold_05",21,"Fold_05","Pb_OK",0.205046181581403,0.169643911915477,0.223404255319149
"XGBoost","Repeat_21_Fold_05",21,"Fold_05","Dist_Brecciated",0.19917952339144,0.279538827928032,0.284574468085106
"XGBoost","Repeat_21_Fold_05",21,"Fold_05","Zn_OK",0.0490425606722377,0.120585257694335,0.162234042553191
"XGBoost","Repeat_21_Fold_05",21,"Fold_05","Cu_OK",0.0301489258445626,0.0682315039976057,0.074468085106383
"XGBoost","Repeat_21_Fold_05",21,"Fold_05","Dist_Fault",0.0250713336639411,0.0381451794191683,0.0398936170212766
"XGBoost","Repeat_22_Fold_01",22,"Fold_01","Dist_Silicified",0.68391372013913,0.411712519918328,0.258503401360544
"XGBoost","Repeat_22_Fold_01",22,"Fold_01","Dist_Brecciated",0.0814055498895567,0.154697595514839,0.170068027210884
"XGBoost","Repeat_22_Fold_01",22,"Fold_01","Zn_OK",0.080412732220863,0.0936352252506453,0.122448979591837
"XGBoost","Repeat_22_Fold_01",22,"Fold_01","Pb_OK",0.0740233723498653,0.100173172251795,0.224489795918367
"XGBoost","Repeat_22_Fold_01",22,"Fold_01","Dist_Fault",0.0459266259384652,0.157293944256462,0.156462585034014
"XGBoost","Repeat_22_Fold_01",22,"Fold_01","Cu_OK",0.0343179994621197,0.0824875428079309,0.0680272108843537
"XGBoost","Repeat_22_Fold_02",22,"Fold_02","Dist_Silicified",0.63364464288773,0.414406772981933,0.319488817891374
"XGBoost","Repeat_22_Fold_02",22,"Fold_02","Dist_Brecciated",0.178106184792095,0.12934375984621,0.115015974440895
"XGBoost","Repeat_22_Fold_02",22,"Fold_02","Dist_Fault",0.0802588155819079,0.167127450353718,0.191693290734824
"XGBoost","Repeat_22_Fold_02",22,"Fold_02","Zn_OK",0.0702151750922986,0.159450498515813,0.172523961661342
"XGBoost","Repeat_22_Fold_02",22,"Fold_02","Pb_OK",0.0245839946549743,0.0882925228930567,0.146964856230032
"XGBoost","Repeat_22_Fold_02",22,"Fold_02","Cu_OK",0.0131911869909942,0.0413789954092683,0.0543130990415335
"XGBoost","Repeat_22_Fold_03",22,"Fold_03","Dist_Silicified",0.546595026676741,0.318787921661831,0.175438596491228
"XGBoost","Repeat_22_Fold_03",22,"Fold_03","Pb_OK",0.234200958579531,0.174624372675876,0.184210526315789
"XGBoost","Repeat_22_Fold_03",22,"Fold_03","Dist_Fault",0.0771058716820215,0.232117565596346,0.258771929824561
"XGBoost","Repeat_22_Fold_03",22,"Fold_03","Cu_OK",0.0537849517678086,0.125322986937623,0.171052631578947
"XGBoost","Repeat_22_Fold_03",22,"Fold_03","Dist_Brecciated",0.0512110880297516,0.0811758326062036,0.087719298245614
"XGBoost","Repeat_22_Fold_03",22,"Fold_03","Zn_OK",0.0371021032641456,0.0679713205221203,0.12280701754386
"XGBoost","Repeat_22_Fold_04",22,"Fold_04","Dist_Silicified",0.587598312007382,0.401739650475068,0.279661016949153
"XGBoost","Repeat_22_Fold_04",22,"Fold_04","Zn_OK",0.136499585329819,0.226402329860285,0.279661016949153
"XGBoost","Repeat_22_Fold_04",22,"Fold_04","Dist_Brecciated",0.122303053988322,0.110370920037902,0.0932203389830508
"XGBoost","Repeat_22_Fold_04",22,"Fold_04","Pb_OK",0.102005859023514,0.156389750131218,0.228813559322034
"XGBoost","Repeat_22_Fold_04",22,"Fold_04","Cu_OK",0.0429152827368555,0.0539565342950553,0.0593220338983051
"XGBoost","Repeat_22_Fold_04",22,"Fold_04","Dist_Fault",0.00867790691410667,0.0511408152004724,0.0593220338983051
"XGBoost","Repeat_22_Fold_05",22,"Fold_05","Dist_Silicified",0.491998039200091,0.35035716608942,0.242825607064018
"XGBoost","Repeat_22_Fold_05",22,"Fold_05","Pb_OK",0.239643484399203,0.136814329640768,0.15673289183223
"XGBoost","Repeat_22_Fold_05",22,"Fold_05","Dist_Brecciated",0.137502890199159,0.19288147330007,0.183222958057395
"XGBoost","Repeat_22_Fold_05",22,"Fold_05","Zn_OK",0.0557845909236158,0.0729360812645677,0.139072847682119
"XGBoost","Repeat_22_Fold_05",22,"Fold_05","Dist_Fault",0.0411606886294281,0.14400222547404,0.136865342163355
"XGBoost","Repeat_22_Fold_05",22,"Fold_05","Cu_OK",0.0339103066485045,0.103008724231135,0.141280353200883
"XGBoost","Repeat_23_Fold_01",23,"Fold_01","Dist_Silicified",0.808487279860284,0.501721754565839,0.363636363636364
"XGBoost","Repeat_23_Fold_01",23,"Fold_01","Dist_Brecciated",0.0880116197161249,0.120916278843781,0.153409090909091
"XGBoost","Repeat_23_Fold_01",23,"Fold_01","Zn_OK",0.0362379162852509,0.0811168255710714,0.142045454545455
"XGBoost","Repeat_23_Fold_01",23,"Fold_01","Cu_OK",0.0318651634460131,0.0831811160914923,0.0909090909090909
"XGBoost","Repeat_23_Fold_01",23,"Fold_01","Pb_OK",0.022269308370491,0.125391071230283,0.176136363636364
"XGBoost","Repeat_23_Fold_01",23,"Fold_01","Dist_Fault",0.0131287123218358,0.0876729536975331,0.0738636363636364
"XGBoost","Repeat_23_Fold_02",23,"Fold_02","Dist_Silicified",0.549521609016615,0.359531604112972,0.207317073170732
"XGBoost","Repeat_23_Fold_02",23,"Fold_02","Dist_Brecciated",0.249475279539939,0.230166905301772,0.189895470383275
"XGBoost","Repeat_23_Fold_02",23,"Fold_02","Dist_Fault",0.0826992960341646,0.141427737000071,0.137630662020906
"XGBoost","Repeat_23_Fold_02",23,"Fold_02","Cu_OK",0.0479811412330938,0.0981559040662298,0.130662020905923
"XGBoost","Repeat_23_Fold_02",23,"Fold_02","Pb_OK",0.0414543262956799,0.125541589633634,0.250871080139373
"XGBoost","Repeat_23_Fold_02",23,"Fold_02","Zn_OK",0.0288683478805086,0.045176259885322,0.0836236933797909
"XGBoost","Repeat_23_Fold_03",23,"Fold_03","Dist_Silicified",0.578151095335368,0.311659121587254,0.168211920529801
"XGBoost","Repeat_23_Fold_03",23,"Fold_03","Dist_Brecciated",0.18872546076101,0.147629216674282,0.117880794701987
"XGBoost","Repeat_23_Fold_03",23,"Fold_03","Pb_OK",0.105035079807044,0.119409143099083,0.150993377483444
"XGBoost","Repeat_23_Fold_03",23,"Fold_03","Cu_OK",0.0847333888008428,0.24741656544163,0.271523178807947
"XGBoost","Repeat_23_Fold_03",23,"Fold_03","Dist_Fault",0.0352121973375439,0.136312970916157,0.210596026490066
"XGBoost","Repeat_23_Fold_03",23,"Fold_03","Zn_OK",0.00814277795819193,0.0375729822815943,0.080794701986755
"XGBoost","Repeat_23_Fold_04",23,"Fold_04","Dist_Silicified",0.822940939175198,0.556875107268069,0.396103896103896
"XGBoost","Repeat_23_Fold_04",23,"Fold_04","Pb_OK",0.0711999012815063,0.096696890247545,0.201298701298701
"XGBoost","Repeat_23_Fold_04",23,"Fold_04","Cu_OK",0.042065458465467,0.0673794950976771,0.116883116883117
"XGBoost","Repeat_23_Fold_04",23,"Fold_04","Dist_Brecciated",0.0370931386304058,0.0504415472955631,0.0584415584415584
"XGBoost","Repeat_23_Fold_04",23,"Fold_04","Zn_OK",0.02025928737084,0.185011459036281,0.168831168831169
"XGBoost","Repeat_23_Fold_04",23,"Fold_04","Dist_Fault",0.00644127507658335,0.0435955010548645,0.0584415584415584
"XGBoost","Repeat_23_Fold_05",23,"Fold_05","Dist_Silicified",0.563074025514915,0.346091701086847,0.202602230483271
"XGBoost","Repeat_23_Fold_05",23,"Fold_05","Pb_OK",0.256240392683702,0.198188682342146,0.284386617100372
"XGBoost","Repeat_23_Fold_05",23,"Fold_05","Dist_Brecciated",0.110831481735318,0.155081018917311,0.163568773234201
"XGBoost","Repeat_23_Fold_05",23,"Fold_05","Cu_OK",0.0338277190976054,0.128704104665008,0.137546468401487
"XGBoost","Repeat_23_Fold_05",23,"Fold_05","Dist_Fault",0.0261299486500151,0.127469597840185,0.139405204460967
"XGBoost","Repeat_23_Fold_05",23,"Fold_05","Zn_OK",0.00989643231844466,0.0444648951485025,0.0724907063197026
"XGBoost","Repeat_24_Fold_01",24,"Fold_01","Dist_Brecciated",0.33904269012311,0.274813878617143,0.232876712328767
"XGBoost","Repeat_24_Fold_01",24,"Fold_01","Dist_Silicified",0.306657793727076,0.17412940710913,0.123287671232877
"XGBoost","Repeat_24_Fold_01",24,"Fold_01","Dist_Fault",0.133811143736816,0.220693527379823,0.200913242009132
"XGBoost","Repeat_24_Fold_01",24,"Fold_01","Zn_OK",0.119196711453085,0.098467497047771,0.0958904109589041
"XGBoost","Repeat_24_Fold_01",24,"Fold_01","Pb_OK",0.0640690625652969,0.16386198499501,0.255707762557078
"XGBoost","Repeat_24_Fold_01",24,"Fold_01","Cu_OK",0.0372225983946155,0.0680337048511232,0.091324200913242
"XGBoost","Repeat_24_Fold_02",24,"Fold_02","Dist_Silicified",0.557274881823598,0.469782025115698,0.397515527950311
"XGBoost","Repeat_24_Fold_02",24,"Fold_02","Dist_Brecciated",0.25624241644582,0.168165569577276,0.149068322981366
"XGBoost","Repeat_24_Fold_02",24,"Fold_02","Pb_OK",0.0941204982423485,0.172318233902231,0.242236024844721
"XGBoost","Repeat_24_Fold_02",24,"Fold_02","Dist_Fault",0.0474842956049338,0.0720436456321982,0.062111801242236
"XGBoost","Repeat_24_Fold_02",24,"Fold_02","Cu_OK",0.0308263896330035,0.0746893815529645,0.0807453416149068
"XGBoost","Repeat_24_Fold_02",24,"Fold_02","Zn_OK",0.0140515182502957,0.0430011442196327,0.0683229813664596
"XGBoost","Repeat_24_Fold_03",24,"Fold_03","Dist_Silicified",0.521613225444263,0.402528895558118,0.318181818181818
"XGBoost","Repeat_24_Fold_03",24,"Fold_03","Pb_OK",0.167657201937268,0.0953165661337538,0.111111111111111
"XGBoost","Repeat_24_Fold_03",24,"Fold_03","Dist_Brecciated",0.110299223201823,0.129775804049197,0.148989898989899
"XGBoost","Repeat_24_Fold_03",24,"Fold_03","Dist_Fault",0.0817684642027459,0.194350172259211,0.184343434343434
"XGBoost","Repeat_24_Fold_03",24,"Fold_03","Cu_OK",0.059923380034089,0.120280009067289,0.128787878787879
"XGBoost","Repeat_24_Fold_03",24,"Fold_03","Zn_OK",0.058738505179811,0.0577485529324322,0.108585858585859
"XGBoost","Repeat_24_Fold_04",24,"Fold_04","Dist_Silicified",0.441950253897736,0.326912481936113,0.216216216216216
"XGBoost","Repeat_24_Fold_04",24,"Fold_04","Dist_Brecciated",0.186442631563931,0.110166738033755,0.0630630630630631
"XGBoost","Repeat_24_Fold_04",24,"Fold_04","Pb_OK",0.163502640011928,0.180633154386113,0.288288288288288
"XGBoost","Repeat_24_Fold_04",24,"Fold_04","Dist_Fault",0.11439329939647,0.17001564416017,0.153153153153153
"XGBoost","Repeat_24_Fold_04",24,"Fold_04","Cu_OK",0.0629365246152404,0.131025782099651,0.153153153153153
"XGBoost","Repeat_24_Fold_04",24,"Fold_04","Zn_OK",0.0307746505146947,0.081246199384198,0.126126126126126
"XGBoost","Repeat_24_Fold_05",24,"Fold_05","Dist_Silicified",0.442156028702884,0.316329220141796,0.23841059602649
"XGBoost","Repeat_24_Fold_05",24,"Fold_05","Pb_OK",0.268305242749824,0.198987772163353,0.251655629139073
"XGBoost","Repeat_24_Fold_05",24,"Fold_05","Dist_Brecciated",0.141237834206437,0.213921966164212,0.198675496688742
"XGBoost","Repeat_24_Fold_05",24,"Fold_05","Cu_OK",0.0616427458882308,0.115731256020282,0.125827814569536
"XGBoost","Repeat_24_Fold_05",24,"Fold_05","Zn_OK",0.0510159316127325,0.074980172896303,0.0927152317880795
"XGBoost","Repeat_24_Fold_05",24,"Fold_05","Dist_Fault",0.0356422168398924,0.0800496126140541,0.0927152317880795
"XGBoost","Repeat_25_Fold_01",25,"Fold_01","Dist_Silicified",0.48653651847589,0.253137539491941,0.156177156177156
"XGBoost","Repeat_25_Fold_01",25,"Fold_01","Cu_OK",0.159611383437767,0.185737652243128,0.107226107226107
"XGBoost","Repeat_25_Fold_01",25,"Fold_01","Dist_Brecciated",0.141613514883231,0.176515236890832,0.214452214452214
"XGBoost","Repeat_25_Fold_01",25,"Fold_01","Dist_Fault",0.11929263638286,0.233888333753831,0.277389277389277
"XGBoost","Repeat_25_Fold_01",25,"Fold_01","Zn_OK",0.0768916311523459,0.0900073823645571,0.128205128205128
"XGBoost","Repeat_25_Fold_01",25,"Fold_01","Pb_OK",0.0160543156679065,0.060713855255711,0.116550116550117
"XGBoost","Repeat_25_Fold_02",25,"Fold_02","Dist_Silicified",0.567559999037048,0.385845193200358,0.285714285714286
"XGBoost","Repeat_25_Fold_02",25,"Fold_02","Dist_Brecciated",0.202218765529091,0.277182397482891,0.285714285714286
"XGBoost","Repeat_25_Fold_02",25,"Fold_02","Cu_OK",0.0707900735496552,0.0759728980934067,0.112637362637363
"XGBoost","Repeat_25_Fold_02",25,"Fold_02","Pb_OK",0.0577789884974859,0.113281529889148,0.164835164835165
"XGBoost","Repeat_25_Fold_02",25,"Fold_02","Dist_Fault",0.056662806697749,0.0710028567629385,0.0659340659340659
"XGBoost","Repeat_25_Fold_02",25,"Fold_02","Zn_OK",0.0449893666889703,0.0767151245712579,0.0851648351648352
"XGBoost","Repeat_25_Fold_03",25,"Fold_03","Dist_Silicified",0.467924853614781,0.320615367702008,0.216292134831461
"XGBoost","Repeat_25_Fold_03",25,"Fold_03","Pb_OK",0.165906676646128,0.0922805905945058,0.0842696629213483
"XGBoost","Repeat_25_Fold_03",25,"Fold_03","Dist_Fault",0.111969073365479,0.254304641565719,0.286516853932584
"XGBoost","Repeat_25_Fold_03",25,"Fold_03","Cu_OK",0.107868721761677,0.161864442494917,0.230337078651685
"XGBoost","Repeat_25_Fold_03",25,"Fold_03","Dist_Brecciated",0.101741836383859,0.117057400892406,0.115168539325843
"XGBoost","Repeat_25_Fold_03",25,"Fold_03","Zn_OK",0.044588838228076,0.0538775567504444,0.0674157303370786
"XGBoost","Repeat_25_Fold_04",25,"Fold_04","Dist_Silicified",0.569060059344291,0.358743402025222,0.24
"XGBoost","Repeat_25_Fold_04",25,"Fold_04","Zn_OK",0.116451052880101,0.171560355615396,0.168
"XGBoost","Repeat_25_Fold_04",25,"Fold_04","Pb_OK",0.0911458328893085,0.129821825548408,0.208
"XGBoost","Repeat_25_Fold_04",25,"Fold_04","Dist_Fault",0.089772961207003,0.195792512997158,0.208
"XGBoost","Repeat_25_Fold_04",25,"Fold_04","Dist_Brecciated",0.0727511240537544,0.0550595573504809,0.0506666666666667
"XGBoost","Repeat_25_Fold_04",25,"Fold_04","Cu_OK",0.0608189696255424,0.0890223464633355,0.125333333333333
"XGBoost","Repeat_25_Fold_05",25,"Fold_05","Dist_Silicified",0.430519181473829,0.250573441882188,0.158045977011494
"XGBoost","Repeat_25_Fold_05",25,"Fold_05","Pb_OK",0.30714132939094,0.177146156378398,0.201149425287356
"XGBoost","Repeat_25_Fold_05",25,"Fold_05","Dist_Brecciated",0.162253784887731,0.315894373170773,0.310344827586207
"XGBoost","Repeat_25_Fold_05",25,"Fold_05","Zn_OK",0.0407969304469825,0.118590001084413,0.155172413793103
"XGBoost","Repeat_25_Fold_05",25,"Fold_05","Cu_OK",0.0323085925480215,0.0607724750200748,0.0804597701149425
"XGBoost","Repeat_25_Fold_05",25,"Fold_05","Dist_Fault",0.0269801812524963,0.0770235524641537,0.0948275862068965
"XGBoost","Repeat_26_Fold_01",26,"Fold_01","Dist_Silicified",0.646379549783,0.427437159295017,0.357512953367876
"XGBoost","Repeat_26_Fold_01",26,"Fold_01","Dist_Fault",0.109240824124475,0.195706040044113,0.16839378238342
"XGBoost","Repeat_26_Fold_01",26,"Fold_01","Dist_Brecciated",0.101017172860839,0.098050933597808,0.0854922279792746
"XGBoost","Repeat_26_Fold_01",26,"Fold_01","Pb_OK",0.0652336252862182,0.163458631567167,0.243523316062176
"XGBoost","Repeat_26_Fold_01",26,"Fold_01","Zn_OK",0.0441561182540197,0.0654928429425714,0.0906735751295337
"XGBoost","Repeat_26_Fold_01",26,"Fold_01","Cu_OK",0.0339727096914475,0.0498543925533239,0.0544041450777202
"XGBoost","Repeat_26_Fold_02",26,"Fold_02","Dist_Silicified",0.596987444808181,0.474135033198415,0.359173126614987
"XGBoost","Repeat_26_Fold_02",26,"Fold_02","Dist_Brecciated",0.194028110180987,0.130514792242767,0.116279069767442
"XGBoost","Repeat_26_Fold_02",26,"Fold_02","Dist_Fault",0.129428942539535,0.20361321795448,0.224806201550388
"XGBoost","Repeat_26_Fold_02",26,"Fold_02","Pb_OK",0.033144641881533,0.0477543222333155,0.10077519379845
"XGBoost","Repeat_26_Fold_02",26,"Fold_02","Cu_OK",0.0289957746823538,0.056897030246206,0.10594315245478
"XGBoost","Repeat_26_Fold_02",26,"Fold_02","Zn_OK",0.0174150859074098,0.0870856041248165,0.0930232558139535
"XGBoost","Repeat_26_Fold_03",26,"Fold_03","Dist_Silicified",0.636745675946806,0.385817464920671,0.276807980049875
"XGBoost","Repeat_26_Fold_03",26,"Fold_03","Dist_Brecciated",0.119668743275466,0.118945341041341,0.0997506234413965
"XGBoost","Repeat_26_Fold_03",26,"Fold_03","Pb_OK",0.0905130164424235,0.115497987559904,0.139650872817955
"XGBoost","Repeat_26_Fold_03",26,"Fold_03","Dist_Fault",0.0695625490028108,0.253888272793945,0.29925187032419
"XGBoost","Repeat_26_Fold_03",26,"Fold_03","Zn_OK",0.0528020672775942,0.056642630263196,0.0997506234413965
"XGBoost","Repeat_26_Fold_03",26,"Fold_03","Cu_OK",0.0307079480548995,0.0692083034209435,0.084788029925187
"XGBoost","Repeat_26_Fold_04",26,"Fold_04","Dist_Silicified",0.500932147942732,0.352648602276073,0.30379746835443
"XGBoost","Repeat_26_Fold_04",26,"Fold_04","Dist_Brecciated",0.208047673698633,0.149020996111553,0.10126582278481
"XGBoost","Repeat_26_Fold_04",26,"Fold_04","Pb_OK",0.147526345688889,0.197759688863455,0.265822784810127
"XGBoost","Repeat_26_Fold_04",26,"Fold_04","Zn_OK",0.103780992728077,0.206448743742428,0.215189873417722
"XGBoost","Repeat_26_Fold_04",26,"Fold_04","Cu_OK",0.0228316442152374,0.0338027292927379,0.0379746835443038
"XGBoost","Repeat_26_Fold_04",26,"Fold_04","Dist_Fault",0.0168811957264303,0.0603192397137526,0.0759493670886076
"XGBoost","Repeat_26_Fold_05",26,"Fold_05","Dist_Silicified",0.511959272754909,0.30469504602292,0.166666666666667
"XGBoost","Repeat_26_Fold_05",26,"Fold_05","Pb_OK",0.216486453983452,0.165218111772834,0.202991452991453
"XGBoost","Repeat_26_Fold_05",26,"Fold_05","Dist_Fault",0.117563129679722,0.295733421991595,0.292735042735043
"XGBoost","Repeat_26_Fold_05",26,"Fold_05","Dist_Brecciated",0.0991030491616584,0.108009031088516,0.128205128205128
"XGBoost","Repeat_26_Fold_05",26,"Fold_05","Zn_OK",0.0331586151838327,0.0698722274144495,0.115384615384615
"XGBoost","Repeat_26_Fold_05",26,"Fold_05","Cu_OK",0.0217294792364254,0.0564721617096849,0.094017094017094
"XGBoost","Repeat_27_Fold_01",27,"Fold_01","Dist_Silicified",0.449354337635086,0.320150141429068,0.256410256410256
"XGBoost","Repeat_27_Fold_01",27,"Fold_01","Dist_Brecciated",0.270324874337604,0.264170670245943,0.262820512820513
"XGBoost","Repeat_27_Fold_01",27,"Fold_01","Cu_OK",0.145158841467397,0.185498588567029,0.147435897435897
"XGBoost","Repeat_27_Fold_01",27,"Fold_01","Pb_OK",0.0494216653358564,0.0802271761953101,0.115384615384615
"XGBoost","Repeat_27_Fold_01",27,"Fold_01","Dist_Fault",0.0487450695033203,0.092985732081113,0.121794871794872
"XGBoost","Repeat_27_Fold_01",27,"Fold_01","Zn_OK",0.0369952117207364,0.0569676914815377,0.0961538461538462
"XGBoost","Repeat_27_Fold_02",27,"Fold_02","Dist_Silicified",0.643576668796793,0.38807173012778,0.275862068965517
"XGBoost","Repeat_27_Fold_02",27,"Fold_02","Dist_Fault",0.128725558668921,0.2165915689446,0.218390804597701
"XGBoost","Repeat_27_Fold_02",27,"Fold_02","Dist_Brecciated",0.127512832115576,0.227359123639919,0.229885057471264
"XGBoost","Repeat_27_Fold_02",27,"Fold_02","Zn_OK",0.0497735413474317,0.0489126086861349,0.0804597701149425
"XGBoost","Repeat_27_Fold_02",27,"Fold_02","Pb_OK",0.0298653962603554,0.0786712027307824,0.149425287356322
"XGBoost","Repeat_27_Fold_02",27,"Fold_02","Cu_OK",0.0205460028109238,0.040393765870783,0.0459770114942529
"XGBoost","Repeat_27_Fold_03",27,"Fold_03","Dist_Silicified",0.337154654360436,0.175180524181217,0.104444444444444
"XGBoost","Repeat_27_Fold_03",27,"Fold_03","Pb_OK",0.222682424712558,0.196507686246353,0.171111111111111
"XGBoost","Repeat_27_Fold_03",27,"Fold_03","Zn_OK",0.135986025378576,0.117352515971171,0.124444444444444
"XGBoost","Repeat_27_Fold_03",27,"Fold_03","Dist_Brecciated",0.115044226909368,0.148218741624276,0.188888888888889
"XGBoost","Repeat_27_Fold_03",27,"Fold_03","Dist_Fault",0.103835608895383,0.206186764379652,0.2
"XGBoost","Repeat_27_Fold_03",27,"Fold_03","Cu_OK",0.0852970597436791,0.15655376759733,0.211111111111111
"XGBoost","Repeat_27_Fold_04",27,"Fold_04","Dist_Silicified",0.497051190329018,0.369080289305529,0.287037037037037
"XGBoost","Repeat_27_Fold_04",27,"Fold_04","Dist_Brecciated",0.163249012903626,0.0969335624651376,0.0648148148148148
"XGBoost","Repeat_27_Fold_04",27,"Fold_04","Pb_OK",0.114900998042737,0.150570640846547,0.273148148148148
"XGBoost","Repeat_27_Fold_04",27,"Fold_04","Zn_OK",0.107225171225494,0.149983482100183,0.171296296296296
"XGBoost","Repeat_27_Fold_04",27,"Fold_04","Cu_OK",0.0977547579761344,0.168982809713832,0.134259259259259
"XGBoost","Repeat_27_Fold_04",27,"Fold_04","Dist_Fault",0.0198188695229898,0.0644492155687711,0.0694444444444444
"XGBoost","Repeat_27_Fold_05",27,"Fold_05","Dist_Silicified",0.350516778547431,0.2868294651047,0.2
"XGBoost","Repeat_27_Fold_05",27,"Fold_05","Dist_Brecciated",0.256038941046999,0.217961721587129,0.2
"XGBoost","Repeat_27_Fold_05",27,"Fold_05","Pb_OK",0.228910155770752,0.160736150269383,0.189473684210526
"XGBoost","Repeat_27_Fold_05",27,"Fold_05","Cu_OK",0.0751414219709906,0.131252520734104,0.0947368421052632
"XGBoost","Repeat_27_Fold_05",27,"Fold_05","Zn_OK",0.0584857216184765,0.055801209677637,0.157894736842105
"XGBoost","Repeat_27_Fold_05",27,"Fold_05","Dist_Fault",0.0309069810453515,0.147418932627048,0.157894736842105
"XGBoost","Repeat_28_Fold_01",28,"Fold_01","Dist_Silicified",0.52288225498577,0.246893463539011,0.153664302600473
"XGBoost","Repeat_28_Fold_01",28,"Fold_01","Dist_Brecciated",0.166534039601134,0.190946136250651,0.179669030732861
"XGBoost","Repeat_28_Fold_01",28,"Fold_01","Zn_OK",0.149301880331333,0.154677758281504,0.16548463356974
"XGBoost","Repeat_28_Fold_01",28,"Fold_01","Dist_Fault",0.0879110751840951,0.238409988809166,0.260047281323877
"XGBoost","Repeat_28_Fold_01",28,"Fold_01","Pb_OK",0.0420940812612871,0.113182058679225,0.189125295508274
"XGBoost","Repeat_28_Fold_01",28,"Fold_01","Cu_OK",0.0312766686363802,0.0558905944404427,0.0520094562647754
"XGBoost","Repeat_28_Fold_02",28,"Fold_02","Dist_Silicified",0.457553492039206,0.434984817642658,0.374045801526718
"XGBoost","Repeat_28_Fold_02",28,"Fold_02","Dist_Brecciated",0.31328227247438,0.214388580782969,0.183206106870229
"XGBoost","Repeat_28_Fold_02",28,"Fold_02","Dist_Fault",0.103173180529024,0.179055343616693,0.17175572519084
"XGBoost","Repeat_28_Fold_02",28,"Fold_02","Pb_OK",0.0730324539657964,0.0951354624833945,0.156488549618321
"XGBoost","Repeat_28_Fold_02",28,"Fold_02","Cu_OK",0.0404164750685315,0.0528331937698795,0.083969465648855
"XGBoost","Repeat_28_Fold_02",28,"Fold_02","Zn_OK",0.0125421259230619,0.0236026017044065,0.0305343511450382
"XGBoost","Repeat_28_Fold_03",28,"Fold_03","Dist_Silicified",0.343099646054312,0.194540943002031,0.126520681265207
"XGBoost","Repeat_28_Fold_03",28,"Fold_03","Pb_OK",0.250767679443193,0.187025248287941,0.214111922141119
"XGBoost","Repeat_28_Fold_03",28,"Fold_03","Dist_Fault",0.206019904076427,0.33260334431996,0.347931873479319
"XGBoost","Repeat_28_Fold_03",28,"Fold_03","Dist_Brecciated",0.125882371186901,0.14634728073323,0.143552311435523
"XGBoost","Repeat_28_Fold_03",28,"Fold_03","Zn_OK",0.0462412422741061,0.0936928951108205,0.114355231143552
"XGBoost","Repeat_28_Fold_03",28,"Fold_03","Cu_OK",0.0279891569650619,0.0457902885460183,0.0535279805352798
"XGBoost","Repeat_28_Fold_04",28,"Fold_04","Dist_Silicified",0.434191168135535,0.292869837766478,0.230088495575221
"XGBoost","Repeat_28_Fold_04",28,"Fold_04","Dist_Brecciated",0.206803243052072,0.136736286990049,0.119469026548673
"XGBoost","Repeat_28_Fold_04",28,"Fold_04","Zn_OK",0.150987307819641,0.259851421170955,0.234513274336283
"XGBoost","Repeat_28_Fold_04",28,"Fold_04","Pb_OK",0.134732944109017,0.197289040083134,0.269911504424779
"XGBoost","Repeat_28_Fold_04",28,"Fold_04","Dist_Fault",0.0653577010048085,0.101527030247052,0.119469026548673
"XGBoost","Repeat_28_Fold_04",28,"Fold_04","Cu_OK",0.0079276358789262,0.0117263837423315,0.0265486725663717
"XGBoost","Repeat_28_Fold_05",28,"Fold_05","Dist_Silicified",0.324407506252863,0.175882460514565,0.111801242236025
"XGBoost","Repeat_28_Fold_05",28,"Fold_05","Dist_Brecciated",0.315034769092149,0.360123938189958,0.341614906832298
"XGBoost","Repeat_28_Fold_05",28,"Fold_05","Pb_OK",0.252760173920012,0.248058779292644,0.298136645962733
"XGBoost","Repeat_28_Fold_05",28,"Fold_05","Dist_Fault",0.0513669114227409,0.0934911216474646,0.0993788819875776
"XGBoost","Repeat_28_Fold_05",28,"Fold_05","Zn_OK",0.0313361756907189,0.0614693665338089,0.093167701863354
"XGBoost","Repeat_28_Fold_05",28,"Fold_05","Cu_OK",0.0250944636215172,0.0609743338215593,0.0559006211180124
"XGBoost","Repeat_29_Fold_01",29,"Fold_01","Dist_Silicified",0.724983711413325,0.448199658297672,0.301075268817204
"XGBoost","Repeat_29_Fold_01",29,"Fold_01","Cu_OK",0.108848477455729,0.211363873879146,0.236559139784946
"XGBoost","Repeat_29_Fold_01",29,"Fold_01","Dist_Brecciated",0.0924154062462971,0.194706452937169,0.193548387096774
"XGBoost","Repeat_29_Fold_01",29,"Fold_01","Zn_OK",0.0449493952024264,0.0411720511094723,0.0967741935483871
"XGBoost","Repeat_29_Fold_01",29,"Fold_01","Dist_Fault",0.02068127226722,0.0758937743818654,0.0752688172043011
"XGBoost","Repeat_29_Fold_01",29,"Fold_01","Pb_OK",0.00812173741500237,0.0286641893946753,0.0967741935483871
"XGBoost","Repeat_29_Fold_02",29,"Fold_02","Dist_Silicified",0.568089846293557,0.326955483140479,0.214689265536723
"XGBoost","Repeat_29_Fold_02",29,"Fold_02","Dist_Fault",0.213060722238467,0.329732236974982,0.259887005649718
"XGBoost","Repeat_29_Fold_02",29,"Fold_02","Dist_Brecciated",0.106741593752834,0.132050389411757,0.146892655367232
"XGBoost","Repeat_29_Fold_02",29,"Fold_02","Zn_OK",0.0495411323863796,0.0775344721336106,0.0790960451977401
"XGBoost","Repeat_29_Fold_02",29,"Fold_02","Pb_OK",0.032533048948502,0.0873608837335613,0.19774011299435
"XGBoost","Repeat_29_Fold_02",29,"Fold_02","Cu_OK",0.0300336563802608,0.0463665346056095,0.101694915254237
"XGBoost","Repeat_29_Fold_03",29,"Fold_03","Dist_Silicified",0.49176658749269,0.297675078374389,0.152
"XGBoost","Repeat_29_Fold_03",29,"Fold_03","Dist_Fault",0.193937576674521,0.330269842778965,0.28
"XGBoost","Repeat_29_Fold_03",29,"Fold_03","Pb_OK",0.154559860821067,0.154823287246176,0.24
"XGBoost","Repeat_29_Fold_03",29,"Fold_03","Dist_Brecciated",0.0821590433597979,0.0870232609880813,0.104
"XGBoost","Repeat_29_Fold_03",29,"Fold_03","Zn_OK",0.0469779947512497,0.0758064254222675,0.12
"XGBoost","Repeat_29_Fold_03",29,"Fold_03","Cu_OK",0.0305989369006743,0.0544021051901216,0.104
"XGBoost","Repeat_29_Fold_04",29,"Fold_04","Dist_Silicified",0.679234575831778,0.46503662083974,0.323232323232323
"XGBoost","Repeat_29_Fold_04",29,"Fold_04","Pb_OK",0.183128607244362,0.259323917896425,0.333333333333333
"XGBoost","Repeat_29_Fold_04",29,"Fold_04","Dist_Brecciated",0.0686033154447421,0.0749775889070063,0.101010101010101
"XGBoost","Repeat_29_Fold_04",29,"Fold_04","Zn_OK",0.0545478029421919,0.1640202699822,0.181818181818182
"XGBoost","Repeat_29_Fold_04",29,"Fold_04","Dist_Fault",0.013663545443905,0.0315580657256009,0.0505050505050505
"XGBoost","Repeat_29_Fold_04",29,"Fold_04","Cu_OK",0.000822153093021193,0.00508353664902737,0.0101010101010101
"XGBoost","Repeat_29_Fold_05",29,"Fold_05","Dist_Silicified",0.408765765069068,0.267070189049257,0.180952380952381
"XGBoost","Repeat_29_Fold_05",29,"Fold_05","Pb_OK",0.277197717585935,0.225051201712085,0.304761904761905
"XGBoost","Repeat_29_Fold_05",29,"Fold_05","Dist_Brecciated",0.150461931988218,0.21496886107621,0.219047619047619
"XGBoost","Repeat_29_Fold_05",29,"Fold_05","Zn_OK",0.0956391610308708,0.142907467248431,0.152380952380952
"XGBoost","Repeat_29_Fold_05",29,"Fold_05","Dist_Fault",0.0621825245023539,0.114615934843169,0.114285714285714
"XGBoost","Repeat_29_Fold_05",29,"Fold_05","Cu_OK",0.00575289982355387,0.0353863460708482,0.0285714285714286
"XGBoost","Repeat_30_Fold_01",30,"Fold_01","Dist_Silicified",0.638253426783304,0.377685227166098,0.247863247863248
"XGBoost","Repeat_30_Fold_01",30,"Fold_01","Dist_Brecciated",0.126946055621805,0.155244217918084,0.153846153846154
"XGBoost","Repeat_30_Fold_01",30,"Fold_01","Dist_Fault",0.106845312141055,0.300471882124173,0.264957264957265
"XGBoost","Repeat_30_Fold_01",30,"Fold_01","Pb_OK",0.0939275578371833,0.0868459622043563,0.222222222222222
"XGBoost","Repeat_30_Fold_01",30,"Fold_01","Zn_OK",0.0229331271546704,0.0518614536275167,0.0683760683760684
"XGBoost","Repeat_30_Fold_01",30,"Fold_01","Cu_OK",0.0110945204619827,0.0278912569597727,0.0427350427350427
"XGBoost","Repeat_30_Fold_02",30,"Fold_02","Dist_Silicified",0.577609505228166,0.402253333860004,0.323232323232323
"XGBoost","Repeat_30_Fold_02",30,"Fold_02","Dist_Fault",0.14565711092902,0.229716991748915,0.222222222222222
"XGBoost","Repeat_30_Fold_02",30,"Fold_02","Dist_Brecciated",0.142183072255033,0.141585014144326,0.141414141414141
"XGBoost","Repeat_30_Fold_02",30,"Fold_02","Cu_OK",0.0466523261265343,0.081474050683069,0.111111111111111
"XGBoost","Repeat_30_Fold_02",30,"Fold_02","Pb_OK",0.0442214796351651,0.0816595727660797,0.111111111111111
"XGBoost","Repeat_30_Fold_02",30,"Fold_02","Zn_OK",0.0436765058260815,0.0633110367976063,0.0909090909090909
"XGBoost","Repeat_30_Fold_03",30,"Fold_03","Dist_Silicified",0.650466658253356,0.422951369679155,0.321100917431193
"XGBoost","Repeat_30_Fold_03",30,"Fold_03","Pb_OK",0.159885943874573,0.111197222667442,0.110091743119266
"XGBoost","Repeat_30_Fold_03",30,"Fold_03","Dist_Fault",0.0726238230446367,0.210883369938125,0.201834862385321
"XGBoost","Repeat_30_Fold_03",30,"Fold_03","Dist_Brecciated",0.0656598519333948,0.127908145055619,0.165137614678899
"XGBoost","Repeat_30_Fold_03",30,"Fold_03","Cu_OK",0.0328469643221673,0.0821616908334401,0.128440366972477
"XGBoost","Repeat_30_Fold_03",30,"Fold_03","Zn_OK",0.0185167585718723,0.0448982018262188,0.073394495412844
"XGBoost","Repeat_30_Fold_04",30,"Fold_04","Dist_Silicified",0.667483556598876,0.549443524119443,0.396396396396396
"XGBoost","Repeat_30_Fold_04",30,"Fold_04","Dist_Brecciated",0.117725025884845,0.087425772479648,0.0720720720720721
"XGBoost","Repeat_30_Fold_04",30,"Fold_04","Pb_OK",0.0763976028773846,0.0927155106763234,0.162162162162162
"XGBoost","Repeat_30_Fold_04",30,"Fold_04","Zn_OK",0.0591752437911017,0.0909385736044253,0.18018018018018
"XGBoost","Repeat_30_Fold_04",30,"Fold_04","Dist_Fault",0.0498736668735229,0.137996303683342,0.153153153153153
"XGBoost","Repeat_30_Fold_04",30,"Fold_04","Cu_OK",0.0293449039742696,0.0414803154368186,0.036036036036036
"XGBoost","Repeat_30_Fold_05",30,"Fold_05","Dist_Silicified",0.487071185463015,0.281012499617748,0.163366336633663
"XGBoost","Repeat_30_Fold_05",30,"Fold_05","Pb_OK",0.270901475871316,0.22425408571355,0.262376237623762
"XGBoost","Repeat_30_Fold_05",30,"Fold_05","Dist_Brecciated",0.138242524782569,0.228478337350038,0.254950495049505
"XGBoost","Repeat_30_Fold_05",30,"Fold_05","Cu_OK",0.0579222973970776,0.107916924456442,0.113861386138614
"XGBoost","Repeat_30_Fold_05",30,"Fold_05","Dist_Fault",0.0325238861814011,0.111121736132752,0.126237623762376
"XGBoost","Repeat_30_Fold_05",30,"Fold_05","Zn_OK",0.0133386303046215,0.0472164167294695,0.0792079207920792
