"Algorithm_Run_ID","Algorithm","Run_ID","Repeat","Fold_ID","Fold_Number","Background_Seed","Background_n","Buffer_m","Candidate_Pool_n","Training_Occurrence_Count","Test_Occurrence_Count","Held_Out_Occurrence_Row","Held_Out_CellID","Status"
"RF_Repeat_01_Fold_01","RF","Repeat_01_Fold_01",1,"Fold_01",1,101,100,50,9536,4,1,1,4678,"Planned"
"RF_Repeat_01_Fold_02","RF","Repeat_01_Fold_02",1,"Fold_02",2,101,100,50,9536,4,1,2,5882,"Planned"
"RF_Repeat_01_Fold_03","RF","Repeat_01_Fold_03",1,"Fold_03",3,101,100,50,9536,4,1,3,5972,"Planned"
"RF_Repeat_01_Fold_04","RF","Repeat_01_Fold_04",1,"Fold_04",4,101,100,50,9536,4,1,4,5000,"Planned"
"RF_Repeat_01_Fold_05","RF","Repeat_01_Fold_05",1,"Fold_05",5,101,100,50,9536,4,1,5,6362,"Planned"
"RF_Repeat_02_Fold_01","RF","Repeat_02_Fold_01",2,"Fold_01",1,102,100,50,9536,4,1,1,4678,"Planned"
"RF_Repeat_02_Fold_02","RF","Repeat_02_Fold_02",2,"Fold_02",2,102,100,50,9536,4,1,2,5882,"Planned"
"RF_Repeat_02_Fold_03","RF","Repeat_02_Fold_03",2,"Fold_03",3,102,100,50,9536,4,1,3,5972,"Planned"
"RF_Repeat_02_Fold_04","RF","Repeat_02_Fold_04",2,"Fold_04",4,102,100,50,9536,4,1,4,5000,"Planned"
"RF_Repeat_02_Fold_05","RF","Repeat_02_Fold_05",2,"Fold_05",5,102,100,50,9536,4,1,5,6362,"Planned"
"RF_Repeat_03_Fold_01","RF","Repeat_03_Fold_01",3,"Fold_01",1,103,100,50,9536,4,1,1,4678,"Planned"
"RF_Repeat_03_Fold_02","RF","Repeat_03_Fold_02",3,"Fold_02",2,103,100,50,9536,4,1,2,5882,"Planned"
"RF_Repeat_03_Fold_03","RF","Repeat_03_Fold_03",3,"Fold_03",3,103,100,50,9536,4,1,3,5972,"Planned"
"RF_Repeat_03_Fold_04","RF","Repeat_03_Fold_04",3,"Fold_04",4,103,100,50,9536,4,1,4,5000,"Planned"
"RF_Repeat_03_Fold_05","RF","Repeat_03_Fold_05",3,"Fold_05",5,103,100,50,9536,4,1,5,6362,"Planned"
"RF_Repeat_04_Fold_01","RF","Repeat_04_Fold_01",4,"Fold_01",1,104,100,50,9536,4,1,1,4678,"Planned"
"RF_Repeat_04_Fold_02","RF","Repeat_04_Fold_02",4,"Fold_02",2,104,100,50,9536,4,1,2,5882,"Planned"
"RF_Repeat_04_Fold_03","RF","Repeat_04_Fold_03",4,"Fold_03",3,104,100,50,9536,4,1,3,5972,"Planned"
"RF_Repeat_04_Fold_04","RF","Repeat_04_Fold_04",4,"Fold_04",4,104,100,50,9536,4,1,4,5000,"Planned"
"RF_Repeat_04_Fold_05","RF","Repeat_04_Fold_05",4,"Fold_05",5,104,100,50,9536,4,1,5,6362,"Planned"
"RF_Repeat_05_Fold_01","RF","Repeat_05_Fold_01",5,"Fold_01",1,105,100,50,9536,4,1,1,4678,"Planned"
"RF_Repeat_05_Fold_02","RF","Repeat_05_Fold_02",5,"Fold_02",2,105,100,50,9536,4,1,2,5882,"Planned"
"RF_Repeat_05_Fold_03","RF","Repeat_05_Fold_03",5,"Fold_03",3,105,100,50,9536,4,1,3,5972,"Planned"
"RF_Repeat_05_Fold_04","RF","Repeat_05_Fold_04",5,"Fold_04",4,105,100,50,9536,4,1,4,5000,"Planned"
"RF_Repeat_05_Fold_05","RF","Repeat_05_Fold_05",5,"Fold_05",5,105,100,50,9536,4,1,5,6362,"Planned"
"RF_Repeat_06_Fold_01","RF","Repeat_06_Fold_01",6,"Fold_01",1,106,100,50,9536,4,1,1,4678,"Planned"
"RF_Repeat_06_Fold_02","RF","Repeat_06_Fold_02",6,"Fold_02",2,106,100,50,9536,4,1,2,5882,"Planned"
"RF_Repeat_06_Fold_03","RF","Repeat_06_Fold_03",6,"Fold_03",3,106,100,50,9536,4,1,3,5972,"Planned"
"RF_Repeat_06_Fold_04","RF","Repeat_06_Fold_04",6,"Fold_04",4,106,100,50,9536,4,1,4,5000,"Planned"
"RF_Repeat_06_Fold_05","RF","Repeat_06_Fold_05",6,"Fold_05",5,106,100,50,9536,4,1,5,6362,"Planned"
"RF_Repeat_07_Fold_01","RF","Repeat_07_Fold_01",7,"Fold_01",1,107,100,50,9536,4,1,1,4678,"Planned"
"RF_Repeat_07_Fold_02","RF","Repeat_07_Fold_02",7,"Fold_02",2,107,100,50,9536,4,1,2,5882,"Planned"
"RF_Repeat_07_Fold_03","RF","Repeat_07_Fold_03",7,"Fold_03",3,107,100,50,9536,4,1,3,5972,"Planned"
"RF_Repeat_07_Fold_04","RF","Repeat_07_Fold_04",7,"Fold_04",4,107,100,50,9536,4,1,4,5000,"Planned"
"RF_Repeat_07_Fold_05","RF","Repeat_07_Fold_05",7,"Fold_05",5,107,100,50,9536,4,1,5,6362,"Planned"
"RF_Repeat_08_Fold_01","RF","Repeat_08_Fold_01",8,"Fold_01",1,108,100,50,9536,4,1,1,4678,"Planned"
"RF_Repeat_08_Fold_02","RF","Repeat_08_Fold_02",8,"Fold_02",2,108,100,50,9536,4,1,2,5882,"Planned"
"RF_Repeat_08_Fold_03","RF","Repeat_08_Fold_03",8,"Fold_03",3,108,100,50,9536,4,1,3,5972,"Planned"
"RF_Repeat_08_Fold_04","RF","Repeat_08_Fold_04",8,"Fold_04",4,108,100,50,9536,4,1,4,5000,"Planned"
"RF_Repeat_08_Fold_05","RF","Repeat_08_Fold_05",8,"Fold_05",5,108,100,50,9536,4,1,5,6362,"Planned"
"RF_Repeat_09_Fold_01","RF","Repeat_09_Fold_01",9,"Fold_01",1,109,100,50,9536,4,1,1,4678,"Planned"
"RF_Repeat_09_Fold_02","RF","Repeat_09_Fold_02",9,"Fold_02",2,109,100,50,9536,4,1,2,5882,"Planned"
"RF_Repeat_09_Fold_03","RF","Repeat_09_Fold_03",9,"Fold_03",3,109,100,50,9536,4,1,3,5972,"Planned"
"RF_Repeat_09_Fold_04","RF","Repeat_09_Fold_04",9,"Fold_04",4,109,100,50,9536,4,1,4,5000,"Planned"
"RF_Repeat_09_Fold_05","RF","Repeat_09_Fold_05",9,"Fold_05",5,109,100,50,9536,4,1,5,6362,"Planned"
"RF_Repeat_10_Fold_01","RF","Repeat_10_Fold_01",10,"Fold_01",1,110,100,50,9536,4,1,1,4678,"Planned"
"RF_Repeat_10_Fold_02","RF","Repeat_10_Fold_02",10,"Fold_02",2,110,100,50,9536,4,1,2,5882,"Planned"
"RF_Repeat_10_Fold_03","RF","Repeat_10_Fold_03",10,"Fold_03",3,110,100,50,9536,4,1,3,5972,"Planned"
"RF_Repeat_10_Fold_04","RF","Repeat_10_Fold_04",10,"Fold_04",4,110,100,50,9536,4,1,4,5000,"Planned"
"RF_Repeat_10_Fold_05","RF","Repeat_10_Fold_05",10,"Fold_05",5,110,100,50,9536,4,1,5,6362,"Planned"
"RF_Repeat_11_Fold_01","RF","Repeat_11_Fold_01",11,"Fold_01",1,111,100,50,9536,4,1,1,4678,"Planned"
"RF_Repeat_11_Fold_02","RF","Repeat_11_Fold_02",11,"Fold_02",2,111,100,50,9536,4,1,2,5882,"Planned"
"RF_Repeat_11_Fold_03","RF","Repeat_11_Fold_03",11,"Fold_03",3,111,100,50,9536,4,1,3,5972,"Planned"
"RF_Repeat_11_Fold_04","RF","Repeat_11_Fold_04",11,"Fold_04",4,111,100,50,9536,4,1,4,5000,"Planned"
"RF_Repeat_11_Fold_05","RF","Repeat_11_Fold_05",11,"Fold_05",5,111,100,50,9536,4,1,5,6362,"Planned"
"RF_Repeat_12_Fold_01","RF","Repeat_12_Fold_01",12,"Fold_01",1,112,100,50,9536,4,1,1,4678,"Planned"
"RF_Repeat_12_Fold_02","RF","Repeat_12_Fold_02",12,"Fold_02",2,112,100,50,9536,4,1,2,5882,"Planned"
"RF_Repeat_12_Fold_03","RF","Repeat_12_Fold_03",12,"Fold_03",3,112,100,50,9536,4,1,3,5972,"Planned"
"RF_Repeat_12_Fold_04","RF","Repeat_12_Fold_04",12,"Fold_04",4,112,100,50,9536,4,1,4,5000,"Planned"
"RF_Repeat_12_Fold_05","RF","Repeat_12_Fold_05",12,"Fold_05",5,112,100,50,9536,4,1,5,6362,"Planned"
"RF_Repeat_13_Fold_01","RF","Repeat_13_Fold_01",13,"Fold_01",1,113,100,50,9536,4,1,1,4678,"Planned"
"RF_Repeat_13_Fold_02","RF","Repeat_13_Fold_02",13,"Fold_02",2,113,100,50,9536,4,1,2,5882,"Planned"
"RF_Repeat_13_Fold_03","RF","Repeat_13_Fold_03",13,"Fold_03",3,113,100,50,9536,4,1,3,5972,"Planned"
"RF_Repeat_13_Fold_04","RF","Repeat_13_Fold_04",13,"Fold_04",4,113,100,50,9536,4,1,4,5000,"Planned"
"RF_Repeat_13_Fold_05","RF","Repeat_13_Fold_05",13,"Fold_05",5,113,100,50,9536,4,1,5,6362,"Planned"
"RF_Repeat_14_Fold_01","RF","Repeat_14_Fold_01",14,"Fold_01",1,114,100,50,9536,4,1,1,4678,"Planned"
"RF_Repeat_14_Fold_02","RF","Repeat_14_Fold_02",14,"Fold_02",2,114,100,50,9536,4,1,2,5882,"Planned"
"RF_Repeat_14_Fold_03","RF","Repeat_14_Fold_03",14,"Fold_03",3,114,100,50,9536,4,1,3,5972,"Planned"
"RF_Repeat_14_Fold_04","RF","Repeat_14_Fold_04",14,"Fold_04",4,114,100,50,9536,4,1,4,5000,"Planned"
"RF_Repeat_14_Fold_05","RF","Repeat_14_Fold_05",14,"Fold_05",5,114,100,50,9536,4,1,5,6362,"Planned"
"RF_Repeat_15_Fold_01","RF","Repeat_15_Fold_01",15,"Fold_01",1,115,100,50,9536,4,1,1,4678,"Planned"
"RF_Repeat_15_Fold_02","RF","Repeat_15_Fold_02",15,"Fold_02",2,115,100,50,9536,4,1,2,5882,"Planned"
"RF_Repeat_15_Fold_03","RF","Repeat_15_Fold_03",15,"Fold_03",3,115,100,50,9536,4,1,3,5972,"Planned"
"RF_Repeat_15_Fold_04","RF","Repeat_15_Fold_04",15,"Fold_04",4,115,100,50,9536,4,1,4,5000,"Planned"
"RF_Repeat_15_Fold_05","RF","Repeat_15_Fold_05",15,"Fold_05",5,115,100,50,9536,4,1,5,6362,"Planned"
"RF_Repeat_16_Fold_01","RF","Repeat_16_Fold_01",16,"Fold_01",1,116,100,50,9536,4,1,1,4678,"Planned"
"RF_Repeat_16_Fold_02","RF","Repeat_16_Fold_02",16,"Fold_02",2,116,100,50,9536,4,1,2,5882,"Planned"
"RF_Repeat_16_Fold_03","RF","Repeat_16_Fold_03",16,"Fold_03",3,116,100,50,9536,4,1,3,5972,"Planned"
"RF_Repeat_16_Fold_04","RF","Repeat_16_Fold_04",16,"Fold_04",4,116,100,50,9536,4,1,4,5000,"Planned"
"RF_Repeat_16_Fold_05","RF","Repeat_16_Fold_05",16,"Fold_05",5,116,100,50,9536,4,1,5,6362,"Planned"
"RF_Repeat_17_Fold_01","RF","Repeat_17_Fold_01",17,"Fold_01",1,117,100,50,9536,4,1,1,4678,"Planned"
"RF_Repeat_17_Fold_02","RF","Repeat_17_Fold_02",17,"Fold_02",2,117,100,50,9536,4,1,2,5882,"Planned"
"RF_Repeat_17_Fold_03","RF","Repeat_17_Fold_03",17,"Fold_03",3,117,100,50,9536,4,1,3,5972,"Planned"
"RF_Repeat_17_Fold_04","RF","Repeat_17_Fold_04",17,"Fold_04",4,117,100,50,9536,4,1,4,5000,"Planned"
"RF_Repeat_17_Fold_05","RF","Repeat_17_Fold_05",17,"Fold_05",5,117,100,50,9536,4,1,5,6362,"Planned"
"RF_Repeat_18_Fold_01","RF","Repeat_18_Fold_01",18,"Fold_01",1,118,100,50,9536,4,1,1,4678,"Planned"
"RF_Repeat_18_Fold_02","RF","Repeat_18_Fold_02",18,"Fold_02",2,118,100,50,9536,4,1,2,5882,"Planned"
"RF_Repeat_18_Fold_03","RF","Repeat_18_Fold_03",18,"Fold_03",3,118,100,50,9536,4,1,3,5972,"Planned"
"RF_Repeat_18_Fold_04","RF","Repeat_18_Fold_04",18,"Fold_04",4,118,100,50,9536,4,1,4,5000,"Planned"
"RF_Repeat_18_Fold_05","RF","Repeat_18_Fold_05",18,"Fold_05",5,118,100,50,9536,4,1,5,6362,"Planned"
"RF_Repeat_19_Fold_01","RF","Repeat_19_Fold_01",19,"Fold_01",1,119,100,50,9536,4,1,1,4678,"Planned"
"RF_Repeat_19_Fold_02","RF","Repeat_19_Fold_02",19,"Fold_02",2,119,100,50,9536,4,1,2,5882,"Planned"
"RF_Repeat_19_Fold_03","RF","Repeat_19_Fold_03",19,"Fold_03",3,119,100,50,9536,4,1,3,5972,"Planned"
"RF_Repeat_19_Fold_04","RF","Repeat_19_Fold_04",19,"Fold_04",4,119,100,50,9536,4,1,4,5000,"Planned"
"RF_Repeat_19_Fold_05","RF","Repeat_19_Fold_05",19,"Fold_05",5,119,100,50,9536,4,1,5,6362,"Planned"
"RF_Repeat_20_Fold_01","RF","Repeat_20_Fold_01",20,"Fold_01",1,120,100,50,9536,4,1,1,4678,"Planned"
"RF_Repeat_20_Fold_02","RF","Repeat_20_Fold_02",20,"Fold_02",2,120,100,50,9536,4,1,2,5882,"Planned"
"RF_Repeat_20_Fold_03","RF","Repeat_20_Fold_03",20,"Fold_03",3,120,100,50,9536,4,1,3,5972,"Planned"
"RF_Repeat_20_Fold_04","RF","Repeat_20_Fold_04",20,"Fold_04",4,120,100,50,9536,4,1,4,5000,"Planned"
"RF_Repeat_20_Fold_05","RF","Repeat_20_Fold_05",20,"Fold_05",5,120,100,50,9536,4,1,5,6362,"Planned"
"RF_Repeat_21_Fold_01","RF","Repeat_21_Fold_01",21,"Fold_01",1,121,100,50,9536,4,1,1,4678,"Planned"
"RF_Repeat_21_Fold_02","RF","Repeat_21_Fold_02",21,"Fold_02",2,121,100,50,9536,4,1,2,5882,"Planned"
"RF_Repeat_21_Fold_03","RF","Repeat_21_Fold_03",21,"Fold_03",3,121,100,50,9536,4,1,3,5972,"Planned"
"RF_Repeat_21_Fold_04","RF","Repeat_21_Fold_04",21,"Fold_04",4,121,100,50,9536,4,1,4,5000,"Planned"
"RF_Repeat_21_Fold_05","RF","Repeat_21_Fold_05",21,"Fold_05",5,121,100,50,9536,4,1,5,6362,"Planned"
"RF_Repeat_22_Fold_01","RF","Repeat_22_Fold_01",22,"Fold_01",1,122,100,50,9536,4,1,1,4678,"Planned"
"RF_Repeat_22_Fold_02","RF","Repeat_22_Fold_02",22,"Fold_02",2,122,100,50,9536,4,1,2,5882,"Planned"
"RF_Repeat_22_Fold_03","RF","Repeat_22_Fold_03",22,"Fold_03",3,122,100,50,9536,4,1,3,5972,"Planned"
"RF_Repeat_22_Fold_04","RF","Repeat_22_Fold_04",22,"Fold_04",4,122,100,50,9536,4,1,4,5000,"Planned"
"RF_Repeat_22_Fold_05","RF","Repeat_22_Fold_05",22,"Fold_05",5,122,100,50,9536,4,1,5,6362,"Planned"
"RF_Repeat_23_Fold_01","RF","Repeat_23_Fold_01",23,"Fold_01",1,123,100,50,9536,4,1,1,4678,"Planned"
"RF_Repeat_23_Fold_02","RF","Repeat_23_Fold_02",23,"Fold_02",2,123,100,50,9536,4,1,2,5882,"Planned"
"RF_Repeat_23_Fold_03","RF","Repeat_23_Fold_03",23,"Fold_03",3,123,100,50,9536,4,1,3,5972,"Planned"
"RF_Repeat_23_Fold_04","RF","Repeat_23_Fold_04",23,"Fold_04",4,123,100,50,9536,4,1,4,5000,"Planned"
"RF_Repeat_23_Fold_05","RF","Repeat_23_Fold_05",23,"Fold_05",5,123,100,50,9536,4,1,5,6362,"Planned"
"RF_Repeat_24_Fold_01","RF","Repeat_24_Fold_01",24,"Fold_01",1,124,100,50,9536,4,1,1,4678,"Planned"
"RF_Repeat_24_Fold_02","RF","Repeat_24_Fold_02",24,"Fold_02",2,124,100,50,9536,4,1,2,5882,"Planned"
"RF_Repeat_24_Fold_03","RF","Repeat_24_Fold_03",24,"Fold_03",3,124,100,50,9536,4,1,3,5972,"Planned"
"RF_Repeat_24_Fold_04","RF","Repeat_24_Fold_04",24,"Fold_04",4,124,100,50,9536,4,1,4,5000,"Planned"
"RF_Repeat_24_Fold_05","RF","Repeat_24_Fold_05",24,"Fold_05",5,124,100,50,9536,4,1,5,6362,"Planned"
"RF_Repeat_25_Fold_01","RF","Repeat_25_Fold_01",25,"Fold_01",1,125,100,50,9536,4,1,1,4678,"Planned"
"RF_Repeat_25_Fold_02","RF","Repeat_25_Fold_02",25,"Fold_02",2,125,100,50,9536,4,1,2,5882,"Planned"
"RF_Repeat_25_Fold_03","RF","Repeat_25_Fold_03",25,"Fold_03",3,125,100,50,9536,4,1,3,5972,"Planned"
"RF_Repeat_25_Fold_04","RF","Repeat_25_Fold_04",25,"Fold_04",4,125,100,50,9536,4,1,4,5000,"Planned"
"RF_Repeat_25_Fold_05","RF","Repeat_25_Fold_05",25,"Fold_05",5,125,100,50,9536,4,1,5,6362,"Planned"
"RF_Repeat_26_Fold_01","RF","Repeat_26_Fold_01",26,"Fold_01",1,126,100,50,9536,4,1,1,4678,"Planned"
"RF_Repeat_26_Fold_02","RF","Repeat_26_Fold_02",26,"Fold_02",2,126,100,50,9536,4,1,2,5882,"Planned"
"RF_Repeat_26_Fold_03","RF","Repeat_26_Fold_03",26,"Fold_03",3,126,100,50,9536,4,1,3,5972,"Planned"
"RF_Repeat_26_Fold_04","RF","Repeat_26_Fold_04",26,"Fold_04",4,126,100,50,9536,4,1,4,5000,"Planned"
"RF_Repeat_26_Fold_05","RF","Repeat_26_Fold_05",26,"Fold_05",5,126,100,50,9536,4,1,5,6362,"Planned"
"RF_Repeat_27_Fold_01","RF","Repeat_27_Fold_01",27,"Fold_01",1,127,100,50,9536,4,1,1,4678,"Planned"
"RF_Repeat_27_Fold_02","RF","Repeat_27_Fold_02",27,"Fold_02",2,127,100,50,9536,4,1,2,5882,"Planned"
"RF_Repeat_27_Fold_03","RF","Repeat_27_Fold_03",27,"Fold_03",3,127,100,50,9536,4,1,3,5972,"Planned"
"RF_Repeat_27_Fold_04","RF","Repeat_27_Fold_04",27,"Fold_04",4,127,100,50,9536,4,1,4,5000,"Planned"
"RF_Repeat_27_Fold_05","RF","Repeat_27_Fold_05",27,"Fold_05",5,127,100,50,9536,4,1,5,6362,"Planned"
"RF_Repeat_28_Fold_01","RF","Repeat_28_Fold_01",28,"Fold_01",1,128,100,50,9536,4,1,1,4678,"Planned"
"RF_Repeat_28_Fold_02","RF","Repeat_28_Fold_02",28,"Fold_02",2,128,100,50,9536,4,1,2,5882,"Planned"
"RF_Repeat_28_Fold_03","RF","Repeat_28_Fold_03",28,"Fold_03",3,128,100,50,9536,4,1,3,5972,"Planned"
"RF_Repeat_28_Fold_04","RF","Repeat_28_Fold_04",28,"Fold_04",4,128,100,50,9536,4,1,4,5000,"Planned"
"RF_Repeat_28_Fold_05","RF","Repeat_28_Fold_05",28,"Fold_05",5,128,100,50,9536,4,1,5,6362,"Planned"
"RF_Repeat_29_Fold_01","RF","Repeat_29_Fold_01",29,"Fold_01",1,129,100,50,9536,4,1,1,4678,"Planned"
"RF_Repeat_29_Fold_02","RF","Repeat_29_Fold_02",29,"Fold_02",2,129,100,50,9536,4,1,2,5882,"Planned"
"RF_Repeat_29_Fold_03","RF","Repeat_29_Fold_03",29,"Fold_03",3,129,100,50,9536,4,1,3,5972,"Planned"
"RF_Repeat_29_Fold_04","RF","Repeat_29_Fold_04",29,"Fold_04",4,129,100,50,9536,4,1,4,5000,"Planned"
"RF_Repeat_29_Fold_05","RF","Repeat_29_Fold_05",29,"Fold_05",5,129,100,50,9536,4,1,5,6362,"Planned"
"RF_Repeat_30_Fold_01","RF","Repeat_30_Fold_01",30,"Fold_01",1,130,100,50,9536,4,1,1,4678,"Planned"
"RF_Repeat_30_Fold_02","RF","Repeat_30_Fold_02",30,"Fold_02",2,130,100,50,9536,4,1,2,5882,"Planned"
"RF_Repeat_30_Fold_03","RF","Repeat_30_Fold_03",30,"Fold_03",3,130,100,50,9536,4,1,3,5972,"Planned"
"RF_Repeat_30_Fold_04","RF","Repeat_30_Fold_04",30,"Fold_04",4,130,100,50,9536,4,1,4,5000,"Planned"
"RF_Repeat_30_Fold_05","RF","Repeat_30_Fold_05",30,"Fold_05",5,130,100,50,9536,4,1,5,6362,"Planned"
"XGBoost_Repeat_01_Fold_01","XGBoost","Repeat_01_Fold_01",1,"Fold_01",1,101,100,50,9536,4,1,1,4678,"Planned"
"XGBoost_Repeat_01_Fold_02","XGBoost","Repeat_01_Fold_02",1,"Fold_02",2,101,100,50,9536,4,1,2,5882,"Planned"
"XGBoost_Repeat_01_Fold_03","XGBoost","Repeat_01_Fold_03",1,"Fold_03",3,101,100,50,9536,4,1,3,5972,"Planned"
"XGBoost_Repeat_01_Fold_04","XGBoost","Repeat_01_Fold_04",1,"Fold_04",4,101,100,50,9536,4,1,4,5000,"Planned"
"XGBoost_Repeat_01_Fold_05","XGBoost","Repeat_01_Fold_05",1,"Fold_05",5,101,100,50,9536,4,1,5,6362,"Planned"
"XGBoost_Repeat_02_Fold_01","XGBoost","Repeat_02_Fold_01",2,"Fold_01",1,102,100,50,9536,4,1,1,4678,"Planned"
"XGBoost_Repeat_02_Fold_02","XGBoost","Repeat_02_Fold_02",2,"Fold_02",2,102,100,50,9536,4,1,2,5882,"Planned"
"XGBoost_Repeat_02_Fold_03","XGBoost","Repeat_02_Fold_03",2,"Fold_03",3,102,100,50,9536,4,1,3,5972,"Planned"
"XGBoost_Repeat_02_Fold_04","XGBoost","Repeat_02_Fold_04",2,"Fold_04",4,102,100,50,9536,4,1,4,5000,"Planned"
"XGBoost_Repeat_02_Fold_05","XGBoost","Repeat_02_Fold_05",2,"Fold_05",5,102,100,50,9536,4,1,5,6362,"Planned"
"XGBoost_Repeat_03_Fold_01","XGBoost","Repeat_03_Fold_01",3,"Fold_01",1,103,100,50,9536,4,1,1,4678,"Planned"
"XGBoost_Repeat_03_Fold_02","XGBoost","Repeat_03_Fold_02",3,"Fold_02",2,103,100,50,9536,4,1,2,5882,"Planned"
"XGBoost_Repeat_03_Fold_03","XGBoost","Repeat_03_Fold_03",3,"Fold_03",3,103,100,50,9536,4,1,3,5972,"Planned"
"XGBoost_Repeat_03_Fold_04","XGBoost","Repeat_03_Fold_04",3,"Fold_04",4,103,100,50,9536,4,1,4,5000,"Planned"
"XGBoost_Repeat_03_Fold_05","XGBoost","Repeat_03_Fold_05",3,"Fold_05",5,103,100,50,9536,4,1,5,6362,"Planned"
"XGBoost_Repeat_04_Fold_01","XGBoost","Repeat_04_Fold_01",4,"Fold_01",1,104,100,50,9536,4,1,1,4678,"Planned"
"XGBoost_Repeat_04_Fold_02","XGBoost","Repeat_04_Fold_02",4,"Fold_02",2,104,100,50,9536,4,1,2,5882,"Planned"
"XGBoost_Repeat_04_Fold_03","XGBoost","Repeat_04_Fold_03",4,"Fold_03",3,104,100,50,9536,4,1,3,5972,"Planned"
"XGBoost_Repeat_04_Fold_04","XGBoost","Repeat_04_Fold_04",4,"Fold_04",4,104,100,50,9536,4,1,4,5000,"Planned"
"XGBoost_Repeat_04_Fold_05","XGBoost","Repeat_04_Fold_05",4,"Fold_05",5,104,100,50,9536,4,1,5,6362,"Planned"
"XGBoost_Repeat_05_Fold_01","XGBoost","Repeat_05_Fold_01",5,"Fold_01",1,105,100,50,9536,4,1,1,4678,"Planned"
"XGBoost_Repeat_05_Fold_02","XGBoost","Repeat_05_Fold_02",5,"Fold_02",2,105,100,50,9536,4,1,2,5882,"Planned"
"XGBoost_Repeat_05_Fold_03","XGBoost","Repeat_05_Fold_03",5,"Fold_03",3,105,100,50,9536,4,1,3,5972,"Planned"
"XGBoost_Repeat_05_Fold_04","XGBoost","Repeat_05_Fold_04",5,"Fold_04",4,105,100,50,9536,4,1,4,5000,"Planned"
"XGBoost_Repeat_05_Fold_05","XGBoost","Repeat_05_Fold_05",5,"Fold_05",5,105,100,50,9536,4,1,5,6362,"Planned"
"XGBoost_Repeat_06_Fold_01","XGBoost","Repeat_06_Fold_01",6,"Fold_01",1,106,100,50,9536,4,1,1,4678,"Planned"
"XGBoost_Repeat_06_Fold_02","XGBoost","Repeat_06_Fold_02",6,"Fold_02",2,106,100,50,9536,4,1,2,5882,"Planned"
"XGBoost_Repeat_06_Fold_03","XGBoost","Repeat_06_Fold_03",6,"Fold_03",3,106,100,50,9536,4,1,3,5972,"Planned"
"XGBoost_Repeat_06_Fold_04","XGBoost","Repeat_06_Fold_04",6,"Fold_04",4,106,100,50,9536,4,1,4,5000,"Planned"
"XGBoost_Repeat_06_Fold_05","XGBoost","Repeat_06_Fold_05",6,"Fold_05",5,106,100,50,9536,4,1,5,6362,"Planned"
"XGBoost_Repeat_07_Fold_01","XGBoost","Repeat_07_Fold_01",7,"Fold_01",1,107,100,50,9536,4,1,1,4678,"Planned"
"XGBoost_Repeat_07_Fold_02","XGBoost","Repeat_07_Fold_02",7,"Fold_02",2,107,100,50,9536,4,1,2,5882,"Planned"
"XGBoost_Repeat_07_Fold_03","XGBoost","Repeat_07_Fold_03",7,"Fold_03",3,107,100,50,9536,4,1,3,5972,"Planned"
"XGBoost_Repeat_07_Fold_04","XGBoost","Repeat_07_Fold_04",7,"Fold_04",4,107,100,50,9536,4,1,4,5000,"Planned"
"XGBoost_Repeat_07_Fold_05","XGBoost","Repeat_07_Fold_05",7,"Fold_05",5,107,100,50,9536,4,1,5,6362,"Planned"
"XGBoost_Repeat_08_Fold_01","XGBoost","Repeat_08_Fold_01",8,"Fold_01",1,108,100,50,9536,4,1,1,4678,"Planned"
"XGBoost_Repeat_08_Fold_02","XGBoost","Repeat_08_Fold_02",8,"Fold_02",2,108,100,50,9536,4,1,2,5882,"Planned"
"XGBoost_Repeat_08_Fold_03","XGBoost","Repeat_08_Fold_03",8,"Fold_03",3,108,100,50,9536,4,1,3,5972,"Planned"
"XGBoost_Repeat_08_Fold_04","XGBoost","Repeat_08_Fold_04",8,"Fold_04",4,108,100,50,9536,4,1,4,5000,"Planned"
"XGBoost_Repeat_08_Fold_05","XGBoost","Repeat_08_Fold_05",8,"Fold_05",5,108,100,50,9536,4,1,5,6362,"Planned"
"XGBoost_Repeat_09_Fold_01","XGBoost","Repeat_09_Fold_01",9,"Fold_01",1,109,100,50,9536,4,1,1,4678,"Planned"
"XGBoost_Repeat_09_Fold_02","XGBoost","Repeat_09_Fold_02",9,"Fold_02",2,109,100,50,9536,4,1,2,5882,"Planned"
"XGBoost_Repeat_09_Fold_03","XGBoost","Repeat_09_Fold_03",9,"Fold_03",3,109,100,50,9536,4,1,3,5972,"Planned"
"XGBoost_Repeat_09_Fold_04","XGBoost","Repeat_09_Fold_04",9,"Fold_04",4,109,100,50,9536,4,1,4,5000,"Planned"
"XGBoost_Repeat_09_Fold_05","XGBoost","Repeat_09_Fold_05",9,"Fold_05",5,109,100,50,9536,4,1,5,6362,"Planned"
"XGBoost_Repeat_10_Fold_01","XGBoost","Repeat_10_Fold_01",10,"Fold_01",1,110,100,50,9536,4,1,1,4678,"Planned"
"XGBoost_Repeat_10_Fold_02","XGBoost","Repeat_10_Fold_02",10,"Fold_02",2,110,100,50,9536,4,1,2,5882,"Planned"
"XGBoost_Repeat_10_Fold_03","XGBoost","Repeat_10_Fold_03",10,"Fold_03",3,110,100,50,9536,4,1,3,5972,"Planned"
"XGBoost_Repeat_10_Fold_04","XGBoost","Repeat_10_Fold_04",10,"Fold_04",4,110,100,50,9536,4,1,4,5000,"Planned"
"XGBoost_Repeat_10_Fold_05","XGBoost","Repeat_10_Fold_05",10,"Fold_05",5,110,100,50,9536,4,1,5,6362,"Planned"
"XGBoost_Repeat_11_Fold_01","XGBoost","Repeat_11_Fold_01",11,"Fold_01",1,111,100,50,9536,4,1,1,4678,"Planned"
"XGBoost_Repeat_11_Fold_02","XGBoost","Repeat_11_Fold_02",11,"Fold_02",2,111,100,50,9536,4,1,2,5882,"Planned"
"XGBoost_Repeat_11_Fold_03","XGBoost","Repeat_11_Fold_03",11,"Fold_03",3,111,100,50,9536,4,1,3,5972,"Planned"
"XGBoost_Repeat_11_Fold_04","XGBoost","Repeat_11_Fold_04",11,"Fold_04",4,111,100,50,9536,4,1,4,5000,"Planned"
"XGBoost_Repeat_11_Fold_05","XGBoost","Repeat_11_Fold_05",11,"Fold_05",5,111,100,50,9536,4,1,5,6362,"Planned"
"XGBoost_Repeat_12_Fold_01","XGBoost","Repeat_12_Fold_01",12,"Fold_01",1,112,100,50,9536,4,1,1,4678,"Planned"
"XGBoost_Repeat_12_Fold_02","XGBoost","Repeat_12_Fold_02",12,"Fold_02",2,112,100,50,9536,4,1,2,5882,"Planned"
"XGBoost_Repeat_12_Fold_03","XGBoost","Repeat_12_Fold_03",12,"Fold_03",3,112,100,50,9536,4,1,3,5972,"Planned"
"XGBoost_Repeat_12_Fold_04","XGBoost","Repeat_12_Fold_04",12,"Fold_04",4,112,100,50,9536,4,1,4,5000,"Planned"
"XGBoost_Repeat_12_Fold_05","XGBoost","Repeat_12_Fold_05",12,"Fold_05",5,112,100,50,9536,4,1,5,6362,"Planned"
"XGBoost_Repeat_13_Fold_01","XGBoost","Repeat_13_Fold_01",13,"Fold_01",1,113,100,50,9536,4,1,1,4678,"Planned"
"XGBoost_Repeat_13_Fold_02","XGBoost","Repeat_13_Fold_02",13,"Fold_02",2,113,100,50,9536,4,1,2,5882,"Planned"
"XGBoost_Repeat_13_Fold_03","XGBoost","Repeat_13_Fold_03",13,"Fold_03",3,113,100,50,9536,4,1,3,5972,"Planned"
"XGBoost_Repeat_13_Fold_04","XGBoost","Repeat_13_Fold_04",13,"Fold_04",4,113,100,50,9536,4,1,4,5000,"Planned"
"XGBoost_Repeat_13_Fold_05","XGBoost","Repeat_13_Fold_05",13,"Fold_05",5,113,100,50,9536,4,1,5,6362,"Planned"
"XGBoost_Repeat_14_Fold_01","XGBoost","Repeat_14_Fold_01",14,"Fold_01",1,114,100,50,9536,4,1,1,4678,"Planned"
"XGBoost_Repeat_14_Fold_02","XGBoost","Repeat_14_Fold_02",14,"Fold_02",2,114,100,50,9536,4,1,2,5882,"Planned"
"XGBoost_Repeat_14_Fold_03","XGBoost","Repeat_14_Fold_03",14,"Fold_03",3,114,100,50,9536,4,1,3,5972,"Planned"
"XGBoost_Repeat_14_Fold_04","XGBoost","Repeat_14_Fold_04",14,"Fold_04",4,114,100,50,9536,4,1,4,5000,"Planned"
"XGBoost_Repeat_14_Fold_05","XGBoost","Repeat_14_Fold_05",14,"Fold_05",5,114,100,50,9536,4,1,5,6362,"Planned"
"XGBoost_Repeat_15_Fold_01","XGBoost","Repeat_15_Fold_01",15,"Fold_01",1,115,100,50,9536,4,1,1,4678,"Planned"
"XGBoost_Repeat_15_Fold_02","XGBoost","Repeat_15_Fold_02",15,"Fold_02",2,115,100,50,9536,4,1,2,5882,"Planned"
"XGBoost_Repeat_15_Fold_03","XGBoost","Repeat_15_Fold_03",15,"Fold_03",3,115,100,50,9536,4,1,3,5972,"Planned"
"XGBoost_Repeat_15_Fold_04","XGBoost","Repeat_15_Fold_04",15,"Fold_04",4,115,100,50,9536,4,1,4,5000,"Planned"
"XGBoost_Repeat_15_Fold_05","XGBoost","Repeat_15_Fold_05",15,"Fold_05",5,115,100,50,9536,4,1,5,6362,"Planned"
"XGBoost_Repeat_16_Fold_01","XGBoost","Repeat_16_Fold_01",16,"Fold_01",1,116,100,50,9536,4,1,1,4678,"Planned"
"XGBoost_Repeat_16_Fold_02","XGBoost","Repeat_16_Fold_02",16,"Fold_02",2,116,100,50,9536,4,1,2,5882,"Planned"
"XGBoost_Repeat_16_Fold_03","XGBoost","Repeat_16_Fold_03",16,"Fold_03",3,116,100,50,9536,4,1,3,5972,"Planned"
"XGBoost_Repeat_16_Fold_04","XGBoost","Repeat_16_Fold_04",16,"Fold_04",4,116,100,50,9536,4,1,4,5000,"Planned"
"XGBoost_Repeat_16_Fold_05","XGBoost","Repeat_16_Fold_05",16,"Fold_05",5,116,100,50,9536,4,1,5,6362,"Planned"
"XGBoost_Repeat_17_Fold_01","XGBoost","Repeat_17_Fold_01",17,"Fold_01",1,117,100,50,9536,4,1,1,4678,"Planned"
"XGBoost_Repeat_17_Fold_02","XGBoost","Repeat_17_Fold_02",17,"Fold_02",2,117,100,50,9536,4,1,2,5882,"Planned"
"XGBoost_Repeat_17_Fold_03","XGBoost","Repeat_17_Fold_03",17,"Fold_03",3,117,100,50,9536,4,1,3,5972,"Planned"
"XGBoost_Repeat_17_Fold_04","XGBoost","Repeat_17_Fold_04",17,"Fold_04",4,117,100,50,9536,4,1,4,5000,"Planned"
"XGBoost_Repeat_17_Fold_05","XGBoost","Repeat_17_Fold_05",17,"Fold_05",5,117,100,50,9536,4,1,5,6362,"Planned"
"XGBoost_Repeat_18_Fold_01","XGBoost","Repeat_18_Fold_01",18,"Fold_01",1,118,100,50,9536,4,1,1,4678,"Planned"
"XGBoost_Repeat_18_Fold_02","XGBoost","Repeat_18_Fold_02",18,"Fold_02",2,118,100,50,9536,4,1,2,5882,"Planned"
"XGBoost_Repeat_18_Fold_03","XGBoost","Repeat_18_Fold_03",18,"Fold_03",3,118,100,50,9536,4,1,3,5972,"Planned"
"XGBoost_Repeat_18_Fold_04","XGBoost","Repeat_18_Fold_04",18,"Fold_04",4,118,100,50,9536,4,1,4,5000,"Planned"
"XGBoost_Repeat_18_Fold_05","XGBoost","Repeat_18_Fold_05",18,"Fold_05",5,118,100,50,9536,4,1,5,6362,"Planned"
"XGBoost_Repeat_19_Fold_01","XGBoost","Repeat_19_Fold_01",19,"Fold_01",1,119,100,50,9536,4,1,1,4678,"Planned"
"XGBoost_Repeat_19_Fold_02","XGBoost","Repeat_19_Fold_02",19,"Fold_02",2,119,100,50,9536,4,1,2,5882,"Planned"
"XGBoost_Repeat_19_Fold_03","XGBoost","Repeat_19_Fold_03",19,"Fold_03",3,119,100,50,9536,4,1,3,5972,"Planned"
"XGBoost_Repeat_19_Fold_04","XGBoost","Repeat_19_Fold_04",19,"Fold_04",4,119,100,50,9536,4,1,4,5000,"Planned"
"XGBoost_Repeat_19_Fold_05","XGBoost","Repeat_19_Fold_05",19,"Fold_05",5,119,100,50,9536,4,1,5,6362,"Planned"
"XGBoost_Repeat_20_Fold_01","XGBoost","Repeat_20_Fold_01",20,"Fold_01",1,120,100,50,9536,4,1,1,4678,"Planned"
"XGBoost_Repeat_20_Fold_02","XGBoost","Repeat_20_Fold_02",20,"Fold_02",2,120,100,50,9536,4,1,2,5882,"Planned"
"XGBoost_Repeat_20_Fold_03","XGBoost","Repeat_20_Fold_03",20,"Fold_03",3,120,100,50,9536,4,1,3,5972,"Planned"
"XGBoost_Repeat_20_Fold_04","XGBoost","Repeat_20_Fold_04",20,"Fold_04",4,120,100,50,9536,4,1,4,5000,"Planned"
"XGBoost_Repeat_20_Fold_05","XGBoost","Repeat_20_Fold_05",20,"Fold_05",5,120,100,50,9536,4,1,5,6362,"Planned"
"XGBoost_Repeat_21_Fold_01","XGBoost","Repeat_21_Fold_01",21,"Fold_01",1,121,100,50,9536,4,1,1,4678,"Planned"
"XGBoost_Repeat_21_Fold_02","XGBoost","Repeat_21_Fold_02",21,"Fold_02",2,121,100,50,9536,4,1,2,5882,"Planned"
"XGBoost_Repeat_21_Fold_03","XGBoost","Repeat_21_Fold_03",21,"Fold_03",3,121,100,50,9536,4,1,3,5972,"Planned"
"XGBoost_Repeat_21_Fold_04","XGBoost","Repeat_21_Fold_04",21,"Fold_04",4,121,100,50,9536,4,1,4,5000,"Planned"
"XGBoost_Repeat_21_Fold_05","XGBoost","Repeat_21_Fold_05",21,"Fold_05",5,121,100,50,9536,4,1,5,6362,"Planned"
"XGBoost_Repeat_22_Fold_01","XGBoost","Repeat_22_Fold_01",22,"Fold_01",1,122,100,50,9536,4,1,1,4678,"Planned"
"XGBoost_Repeat_22_Fold_02","XGBoost","Repeat_22_Fold_02",22,"Fold_02",2,122,100,50,9536,4,1,2,5882,"Planned"
"XGBoost_Repeat_22_Fold_03","XGBoost","Repeat_22_Fold_03",22,"Fold_03",3,122,100,50,9536,4,1,3,5972,"Planned"
"XGBoost_Repeat_22_Fold_04","XGBoost","Repeat_22_Fold_04",22,"Fold_04",4,122,100,50,9536,4,1,4,5000,"Planned"
"XGBoost_Repeat_22_Fold_05","XGBoost","Repeat_22_Fold_05",22,"Fold_05",5,122,100,50,9536,4,1,5,6362,"Planned"
"XGBoost_Repeat_23_Fold_01","XGBoost","Repeat_23_Fold_01",23,"Fold_01",1,123,100,50,9536,4,1,1,4678,"Planned"
"XGBoost_Repeat_23_Fold_02","XGBoost","Repeat_23_Fold_02",23,"Fold_02",2,123,100,50,9536,4,1,2,5882,"Planned"
"XGBoost_Repeat_23_Fold_03","XGBoost","Repeat_23_Fold_03",23,"Fold_03",3,123,100,50,9536,4,1,3,5972,"Planned"
"XGBoost_Repeat_23_Fold_04","XGBoost","Repeat_23_Fold_04",23,"Fold_04",4,123,100,50,9536,4,1,4,5000,"Planned"
"XGBoost_Repeat_23_Fold_05","XGBoost","Repeat_23_Fold_05",23,"Fold_05",5,123,100,50,9536,4,1,5,6362,"Planned"
"XGBoost_Repeat_24_Fold_01","XGBoost","Repeat_24_Fold_01",24,"Fold_01",1,124,100,50,9536,4,1,1,4678,"Planned"
"XGBoost_Repeat_24_Fold_02","XGBoost","Repeat_24_Fold_02",24,"Fold_02",2,124,100,50,9536,4,1,2,5882,"Planned"
"XGBoost_Repeat_24_Fold_03","XGBoost","Repeat_24_Fold_03",24,"Fold_03",3,124,100,50,9536,4,1,3,5972,"Planned"
"XGBoost_Repeat_24_Fold_04","XGBoost","Repeat_24_Fold_04",24,"Fold_04",4,124,100,50,9536,4,1,4,5000,"Planned"
"XGBoost_Repeat_24_Fold_05","XGBoost","Repeat_24_Fold_05",24,"Fold_05",5,124,100,50,9536,4,1,5,6362,"Planned"
"XGBoost_Repeat_25_Fold_01","XGBoost","Repeat_25_Fold_01",25,"Fold_01",1,125,100,50,9536,4,1,1,4678,"Planned"
"XGBoost_Repeat_25_Fold_02","XGBoost","Repeat_25_Fold_02",25,"Fold_02",2,125,100,50,9536,4,1,2,5882,"Planned"
"XGBoost_Repeat_25_Fold_03","XGBoost","Repeat_25_Fold_03",25,"Fold_03",3,125,100,50,9536,4,1,3,5972,"Planned"
"XGBoost_Repeat_25_Fold_04","XGBoost","Repeat_25_Fold_04",25,"Fold_04",4,125,100,50,9536,4,1,4,5000,"Planned"
"XGBoost_Repeat_25_Fold_05","XGBoost","Repeat_25_Fold_05",25,"Fold_05",5,125,100,50,9536,4,1,5,6362,"Planned"
"XGBoost_Repeat_26_Fold_01","XGBoost","Repeat_26_Fold_01",26,"Fold_01",1,126,100,50,9536,4,1,1,4678,"Planned"
"XGBoost_Repeat_26_Fold_02","XGBoost","Repeat_26_Fold_02",26,"Fold_02",2,126,100,50,9536,4,1,2,5882,"Planned"
"XGBoost_Repeat_26_Fold_03","XGBoost","Repeat_26_Fold_03",26,"Fold_03",3,126,100,50,9536,4,1,3,5972,"Planned"
"XGBoost_Repeat_26_Fold_04","XGBoost","Repeat_26_Fold_04",26,"Fold_04",4,126,100,50,9536,4,1,4,5000,"Planned"
"XGBoost_Repeat_26_Fold_05","XGBoost","Repeat_26_Fold_05",26,"Fold_05",5,126,100,50,9536,4,1,5,6362,"Planned"
"XGBoost_Repeat_27_Fold_01","XGBoost","Repeat_27_Fold_01",27,"Fold_01",1,127,100,50,9536,4,1,1,4678,"Planned"
"XGBoost_Repeat_27_Fold_02","XGBoost","Repeat_27_Fold_02",27,"Fold_02",2,127,100,50,9536,4,1,2,5882,"Planned"
"XGBoost_Repeat_27_Fold_03","XGBoost","Repeat_27_Fold_03",27,"Fold_03",3,127,100,50,9536,4,1,3,5972,"Planned"
"XGBoost_Repeat_27_Fold_04","XGBoost","Repeat_27_Fold_04",27,"Fold_04",4,127,100,50,9536,4,1,4,5000,"Planned"
"XGBoost_Repeat_27_Fold_05","XGBoost","Repeat_27_Fold_05",27,"Fold_05",5,127,100,50,9536,4,1,5,6362,"Planned"
"XGBoost_Repeat_28_Fold_01","XGBoost","Repeat_28_Fold_01",28,"Fold_01",1,128,100,50,9536,4,1,1,4678,"Planned"
"XGBoost_Repeat_28_Fold_02","XGBoost","Repeat_28_Fold_02",28,"Fold_02",2,128,100,50,9536,4,1,2,5882,"Planned"
"XGBoost_Repeat_28_Fold_03","XGBoost","Repeat_28_Fold_03",28,"Fold_03",3,128,100,50,9536,4,1,3,5972,"Planned"
"XGBoost_Repeat_28_Fold_04","XGBoost","Repeat_28_Fold_04",28,"Fold_04",4,128,100,50,9536,4,1,4,5000,"Planned"
"XGBoost_Repeat_28_Fold_05","XGBoost","Repeat_28_Fold_05",28,"Fold_05",5,128,100,50,9536,4,1,5,6362,"Planned"
"XGBoost_Repeat_29_Fold_01","XGBoost","Repeat_29_Fold_01",29,"Fold_01",1,129,100,50,9536,4,1,1,4678,"Planned"
"XGBoost_Repeat_29_Fold_02","XGBoost","Repeat_29_Fold_02",29,"Fold_02",2,129,100,50,9536,4,1,2,5882,"Planned"
"XGBoost_Repeat_29_Fold_03","XGBoost","Repeat_29_Fold_03",29,"Fold_03",3,129,100,50,9536,4,1,3,5972,"Planned"
"XGBoost_Repeat_29_Fold_04","XGBoost","Repeat_29_Fold_04",29,"Fold_04",4,129,100,50,9536,4,1,4,5000,"Planned"
"XGBoost_Repeat_29_Fold_05","XGBoost","Repeat_29_Fold_05",29,"Fold_05",5,129,100,50,9536,4,1,5,6362,"Planned"
"XGBoost_Repeat_30_Fold_01","XGBoost","Repeat_30_Fold_01",30,"Fold_01",1,130,100,50,9536,4,1,1,4678,"Planned"
"XGBoost_Repeat_30_Fold_02","XGBoost","Repeat_30_Fold_02",30,"Fold_02",2,130,100,50,9536,4,1,2,5882,"Planned"
"XGBoost_Repeat_30_Fold_03","XGBoost","Repeat_30_Fold_03",30,"Fold_03",3,130,100,50,9536,4,1,3,5972,"Planned"
"XGBoost_Repeat_30_Fold_04","XGBoost","Repeat_30_Fold_04",30,"Fold_04",4,130,100,50,9536,4,1,4,5000,"Planned"
"XGBoost_Repeat_30_Fold_05","XGBoost","Repeat_30_Fold_05",30,"Fold_05",5,130,100,50,9536,4,1,5,6362,"Planned"
"SVM_Repeat_01_Fold_01","SVM","Repeat_01_Fold_01",1,"Fold_01",1,101,100,50,9536,4,1,1,4678,"Planned"
"SVM_Repeat_01_Fold_02","SVM","Repeat_01_Fold_02",1,"Fold_02",2,101,100,50,9536,4,1,2,5882,"Planned"
"SVM_Repeat_01_Fold_03","SVM","Repeat_01_Fold_03",1,"Fold_03",3,101,100,50,9536,4,1,3,5972,"Planned"
"SVM_Repeat_01_Fold_04","SVM","Repeat_01_Fold_04",1,"Fold_04",4,101,100,50,9536,4,1,4,5000,"Planned"
"SVM_Repeat_01_Fold_05","SVM","Repeat_01_Fold_05",1,"Fold_05",5,101,100,50,9536,4,1,5,6362,"Planned"
"SVM_Repeat_02_Fold_01","SVM","Repeat_02_Fold_01",2,"Fold_01",1,102,100,50,9536,4,1,1,4678,"Planned"
"SVM_Repeat_02_Fold_02","SVM","Repeat_02_Fold_02",2,"Fold_02",2,102,100,50,9536,4,1,2,5882,"Planned"
"SVM_Repeat_02_Fold_03","SVM","Repeat_02_Fold_03",2,"Fold_03",3,102,100,50,9536,4,1,3,5972,"Planned"
"SVM_Repeat_02_Fold_04","SVM","Repeat_02_Fold_04",2,"Fold_04",4,102,100,50,9536,4,1,4,5000,"Planned"
"SVM_Repeat_02_Fold_05","SVM","Repeat_02_Fold_05",2,"Fold_05",5,102,100,50,9536,4,1,5,6362,"Planned"
"SVM_Repeat_03_Fold_01","SVM","Repeat_03_Fold_01",3,"Fold_01",1,103,100,50,9536,4,1,1,4678,"Planned"
"SVM_Repeat_03_Fold_02","SVM","Repeat_03_Fold_02",3,"Fold_02",2,103,100,50,9536,4,1,2,5882,"Planned"
"SVM_Repeat_03_Fold_03","SVM","Repeat_03_Fold_03",3,"Fold_03",3,103,100,50,9536,4,1,3,5972,"Planned"
"SVM_Repeat_03_Fold_04","SVM","Repeat_03_Fold_04",3,"Fold_04",4,103,100,50,9536,4,1,4,5000,"Planned"
"SVM_Repeat_03_Fold_05","SVM","Repeat_03_Fold_05",3,"Fold_05",5,103,100,50,9536,4,1,5,6362,"Planned"
"SVM_Repeat_04_Fold_01","SVM","Repeat_04_Fold_01",4,"Fold_01",1,104,100,50,9536,4,1,1,4678,"Planned"
"SVM_Repeat_04_Fold_02","SVM","Repeat_04_Fold_02",4,"Fold_02",2,104,100,50,9536,4,1,2,5882,"Planned"
"SVM_Repeat_04_Fold_03","SVM","Repeat_04_Fold_03",4,"Fold_03",3,104,100,50,9536,4,1,3,5972,"Planned"
"SVM_Repeat_04_Fold_04","SVM","Repeat_04_Fold_04",4,"Fold_04",4,104,100,50,9536,4,1,4,5000,"Planned"
"SVM_Repeat_04_Fold_05","SVM","Repeat_04_Fold_05",4,"Fold_05",5,104,100,50,9536,4,1,5,6362,"Planned"
"SVM_Repeat_05_Fold_01","SVM","Repeat_05_Fold_01",5,"Fold_01",1,105,100,50,9536,4,1,1,4678,"Planned"
"SVM_Repeat_05_Fold_02","SVM","Repeat_05_Fold_02",5,"Fold_02",2,105,100,50,9536,4,1,2,5882,"Planned"
"SVM_Repeat_05_Fold_03","SVM","Repeat_05_Fold_03",5,"Fold_03",3,105,100,50,9536,4,1,3,5972,"Planned"
"SVM_Repeat_05_Fold_04","SVM","Repeat_05_Fold_04",5,"Fold_04",4,105,100,50,9536,4,1,4,5000,"Planned"
"SVM_Repeat_05_Fold_05","SVM","Repeat_05_Fold_05",5,"Fold_05",5,105,100,50,9536,4,1,5,6362,"Planned"
"SVM_Repeat_06_Fold_01","SVM","Repeat_06_Fold_01",6,"Fold_01",1,106,100,50,9536,4,1,1,4678,"Planned"
"SVM_Repeat_06_Fold_02","SVM","Repeat_06_Fold_02",6,"Fold_02",2,106,100,50,9536,4,1,2,5882,"Planned"
"SVM_Repeat_06_Fold_03","SVM","Repeat_06_Fold_03",6,"Fold_03",3,106,100,50,9536,4,1,3,5972,"Planned"
"SVM_Repeat_06_Fold_04","SVM","Repeat_06_Fold_04",6,"Fold_04",4,106,100,50,9536,4,1,4,5000,"Planned"
"SVM_Repeat_06_Fold_05","SVM","Repeat_06_Fold_05",6,"Fold_05",5,106,100,50,9536,4,1,5,6362,"Planned"
"SVM_Repeat_07_Fold_01","SVM","Repeat_07_Fold_01",7,"Fold_01",1,107,100,50,9536,4,1,1,4678,"Planned"
"SVM_Repeat_07_Fold_02","SVM","Repeat_07_Fold_02",7,"Fold_02",2,107,100,50,9536,4,1,2,5882,"Planned"
"SVM_Repeat_07_Fold_03","SVM","Repeat_07_Fold_03",7,"Fold_03",3,107,100,50,9536,4,1,3,5972,"Planned"
"SVM_Repeat_07_Fold_04","SVM","Repeat_07_Fold_04",7,"Fold_04",4,107,100,50,9536,4,1,4,5000,"Planned"
"SVM_Repeat_07_Fold_05","SVM","Repeat_07_Fold_05",7,"Fold_05",5,107,100,50,9536,4,1,5,6362,"Planned"
"SVM_Repeat_08_Fold_01","SVM","Repeat_08_Fold_01",8,"Fold_01",1,108,100,50,9536,4,1,1,4678,"Planned"
"SVM_Repeat_08_Fold_02","SVM","Repeat_08_Fold_02",8,"Fold_02",2,108,100,50,9536,4,1,2,5882,"Planned"
"SVM_Repeat_08_Fold_03","SVM","Repeat_08_Fold_03",8,"Fold_03",3,108,100,50,9536,4,1,3,5972,"Planned"
"SVM_Repeat_08_Fold_04","SVM","Repeat_08_Fold_04",8,"Fold_04",4,108,100,50,9536,4,1,4,5000,"Planned"
"SVM_Repeat_08_Fold_05","SVM","Repeat_08_Fold_05",8,"Fold_05",5,108,100,50,9536,4,1,5,6362,"Planned"
"SVM_Repeat_09_Fold_01","SVM","Repeat_09_Fold_01",9,"Fold_01",1,109,100,50,9536,4,1,1,4678,"Planned"
"SVM_Repeat_09_Fold_02","SVM","Repeat_09_Fold_02",9,"Fold_02",2,109,100,50,9536,4,1,2,5882,"Planned"
"SVM_Repeat_09_Fold_03","SVM","Repeat_09_Fold_03",9,"Fold_03",3,109,100,50,9536,4,1,3,5972,"Planned"
"SVM_Repeat_09_Fold_04","SVM","Repeat_09_Fold_04",9,"Fold_04",4,109,100,50,9536,4,1,4,5000,"Planned"
"SVM_Repeat_09_Fold_05","SVM","Repeat_09_Fold_05",9,"Fold_05",5,109,100,50,9536,4,1,5,6362,"Planned"
"SVM_Repeat_10_Fold_01","SVM","Repeat_10_Fold_01",10,"Fold_01",1,110,100,50,9536,4,1,1,4678,"Planned"
"SVM_Repeat_10_Fold_02","SVM","Repeat_10_Fold_02",10,"Fold_02",2,110,100,50,9536,4,1,2,5882,"Planned"
"SVM_Repeat_10_Fold_03","SVM","Repeat_10_Fold_03",10,"Fold_03",3,110,100,50,9536,4,1,3,5972,"Planned"
"SVM_Repeat_10_Fold_04","SVM","Repeat_10_Fold_04",10,"Fold_04",4,110,100,50,9536,4,1,4,5000,"Planned"
"SVM_Repeat_10_Fold_05","SVM","Repeat_10_Fold_05",10,"Fold_05",5,110,100,50,9536,4,1,5,6362,"Planned"
"SVM_Repeat_11_Fold_01","SVM","Repeat_11_Fold_01",11,"Fold_01",1,111,100,50,9536,4,1,1,4678,"Planned"
"SVM_Repeat_11_Fold_02","SVM","Repeat_11_Fold_02",11,"Fold_02",2,111,100,50,9536,4,1,2,5882,"Planned"
"SVM_Repeat_11_Fold_03","SVM","Repeat_11_Fold_03",11,"Fold_03",3,111,100,50,9536,4,1,3,5972,"Planned"
"SVM_Repeat_11_Fold_04","SVM","Repeat_11_Fold_04",11,"Fold_04",4,111,100,50,9536,4,1,4,5000,"Planned"
"SVM_Repeat_11_Fold_05","SVM","Repeat_11_Fold_05",11,"Fold_05",5,111,100,50,9536,4,1,5,6362,"Planned"
"SVM_Repeat_12_Fold_01","SVM","Repeat_12_Fold_01",12,"Fold_01",1,112,100,50,9536,4,1,1,4678,"Planned"
"SVM_Repeat_12_Fold_02","SVM","Repeat_12_Fold_02",12,"Fold_02",2,112,100,50,9536,4,1,2,5882,"Planned"
"SVM_Repeat_12_Fold_03","SVM","Repeat_12_Fold_03",12,"Fold_03",3,112,100,50,9536,4,1,3,5972,"Planned"
"SVM_Repeat_12_Fold_04","SVM","Repeat_12_Fold_04",12,"Fold_04",4,112,100,50,9536,4,1,4,5000,"Planned"
"SVM_Repeat_12_Fold_05","SVM","Repeat_12_Fold_05",12,"Fold_05",5,112,100,50,9536,4,1,5,6362,"Planned"
"SVM_Repeat_13_Fold_01","SVM","Repeat_13_Fold_01",13,"Fold_01",1,113,100,50,9536,4,1,1,4678,"Planned"
"SVM_Repeat_13_Fold_02","SVM","Repeat_13_Fold_02",13,"Fold_02",2,113,100,50,9536,4,1,2,5882,"Planned"
"SVM_Repeat_13_Fold_03","SVM","Repeat_13_Fold_03",13,"Fold_03",3,113,100,50,9536,4,1,3,5972,"Planned"
"SVM_Repeat_13_Fold_04","SVM","Repeat_13_Fold_04",13,"Fold_04",4,113,100,50,9536,4,1,4,5000,"Planned"
"SVM_Repeat_13_Fold_05","SVM","Repeat_13_Fold_05",13,"Fold_05",5,113,100,50,9536,4,1,5,6362,"Planned"
"SVM_Repeat_14_Fold_01","SVM","Repeat_14_Fold_01",14,"Fold_01",1,114,100,50,9536,4,1,1,4678,"Planned"
"SVM_Repeat_14_Fold_02","SVM","Repeat_14_Fold_02",14,"Fold_02",2,114,100,50,9536,4,1,2,5882,"Planned"
"SVM_Repeat_14_Fold_03","SVM","Repeat_14_Fold_03",14,"Fold_03",3,114,100,50,9536,4,1,3,5972,"Planned"
"SVM_Repeat_14_Fold_04","SVM","Repeat_14_Fold_04",14,"Fold_04",4,114,100,50,9536,4,1,4,5000,"Planned"
"SVM_Repeat_14_Fold_05","SVM","Repeat_14_Fold_05",14,"Fold_05",5,114,100,50,9536,4,1,5,6362,"Planned"
"SVM_Repeat_15_Fold_01","SVM","Repeat_15_Fold_01",15,"Fold_01",1,115,100,50,9536,4,1,1,4678,"Planned"
"SVM_Repeat_15_Fold_02","SVM","Repeat_15_Fold_02",15,"Fold_02",2,115,100,50,9536,4,1,2,5882,"Planned"
"SVM_Repeat_15_Fold_03","SVM","Repeat_15_Fold_03",15,"Fold_03",3,115,100,50,9536,4,1,3,5972,"Planned"
"SVM_Repeat_15_Fold_04","SVM","Repeat_15_Fold_04",15,"Fold_04",4,115,100,50,9536,4,1,4,5000,"Planned"
"SVM_Repeat_15_Fold_05","SVM","Repeat_15_Fold_05",15,"Fold_05",5,115,100,50,9536,4,1,5,6362,"Planned"
"SVM_Repeat_16_Fold_01","SVM","Repeat_16_Fold_01",16,"Fold_01",1,116,100,50,9536,4,1,1,4678,"Planned"
"SVM_Repeat_16_Fold_02","SVM","Repeat_16_Fold_02",16,"Fold_02",2,116,100,50,9536,4,1,2,5882,"Planned"
"SVM_Repeat_16_Fold_03","SVM","Repeat_16_Fold_03",16,"Fold_03",3,116,100,50,9536,4,1,3,5972,"Planned"
"SVM_Repeat_16_Fold_04","SVM","Repeat_16_Fold_04",16,"Fold_04",4,116,100,50,9536,4,1,4,5000,"Planned"
"SVM_Repeat_16_Fold_05","SVM","Repeat_16_Fold_05",16,"Fold_05",5,116,100,50,9536,4,1,5,6362,"Planned"
"SVM_Repeat_17_Fold_01","SVM","Repeat_17_Fold_01",17,"Fold_01",1,117,100,50,9536,4,1,1,4678,"Planned"
"SVM_Repeat_17_Fold_02","SVM","Repeat_17_Fold_02",17,"Fold_02",2,117,100,50,9536,4,1,2,5882,"Planned"
"SVM_Repeat_17_Fold_03","SVM","Repeat_17_Fold_03",17,"Fold_03",3,117,100,50,9536,4,1,3,5972,"Planned"
"SVM_Repeat_17_Fold_04","SVM","Repeat_17_Fold_04",17,"Fold_04",4,117,100,50,9536,4,1,4,5000,"Planned"
"SVM_Repeat_17_Fold_05","SVM","Repeat_17_Fold_05",17,"Fold_05",5,117,100,50,9536,4,1,5,6362,"Planned"
"SVM_Repeat_18_Fold_01","SVM","Repeat_18_Fold_01",18,"Fold_01",1,118,100,50,9536,4,1,1,4678,"Planned"
"SVM_Repeat_18_Fold_02","SVM","Repeat_18_Fold_02",18,"Fold_02",2,118,100,50,9536,4,1,2,5882,"Planned"
"SVM_Repeat_18_Fold_03","SVM","Repeat_18_Fold_03",18,"Fold_03",3,118,100,50,9536,4,1,3,5972,"Planned"
"SVM_Repeat_18_Fold_04","SVM","Repeat_18_Fold_04",18,"Fold_04",4,118,100,50,9536,4,1,4,5000,"Planned"
"SVM_Repeat_18_Fold_05","SVM","Repeat_18_Fold_05",18,"Fold_05",5,118,100,50,9536,4,1,5,6362,"Planned"
"SVM_Repeat_19_Fold_01","SVM","Repeat_19_Fold_01",19,"Fold_01",1,119,100,50,9536,4,1,1,4678,"Planned"
"SVM_Repeat_19_Fold_02","SVM","Repeat_19_Fold_02",19,"Fold_02",2,119,100,50,9536,4,1,2,5882,"Planned"
"SVM_Repeat_19_Fold_03","SVM","Repeat_19_Fold_03",19,"Fold_03",3,119,100,50,9536,4,1,3,5972,"Planned"
"SVM_Repeat_19_Fold_04","SVM","Repeat_19_Fold_04",19,"Fold_04",4,119,100,50,9536,4,1,4,5000,"Planned"
"SVM_Repeat_19_Fold_05","SVM","Repeat_19_Fold_05",19,"Fold_05",5,119,100,50,9536,4,1,5,6362,"Planned"
"SVM_Repeat_20_Fold_01","SVM","Repeat_20_Fold_01",20,"Fold_01",1,120,100,50,9536,4,1,1,4678,"Planned"
"SVM_Repeat_20_Fold_02","SVM","Repeat_20_Fold_02",20,"Fold_02",2,120,100,50,9536,4,1,2,5882,"Planned"
"SVM_Repeat_20_Fold_03","SVM","Repeat_20_Fold_03",20,"Fold_03",3,120,100,50,9536,4,1,3,5972,"Planned"
"SVM_Repeat_20_Fold_04","SVM","Repeat_20_Fold_04",20,"Fold_04",4,120,100,50,9536,4,1,4,5000,"Planned"
"SVM_Repeat_20_Fold_05","SVM","Repeat_20_Fold_05",20,"Fold_05",5,120,100,50,9536,4,1,5,6362,"Planned"
"SVM_Repeat_21_Fold_01","SVM","Repeat_21_Fold_01",21,"Fold_01",1,121,100,50,9536,4,1,1,4678,"Planned"
"SVM_Repeat_21_Fold_02","SVM","Repeat_21_Fold_02",21,"Fold_02",2,121,100,50,9536,4,1,2,5882,"Planned"
"SVM_Repeat_21_Fold_03","SVM","Repeat_21_Fold_03",21,"Fold_03",3,121,100,50,9536,4,1,3,5972,"Planned"
"SVM_Repeat_21_Fold_04","SVM","Repeat_21_Fold_04",21,"Fold_04",4,121,100,50,9536,4,1,4,5000,"Planned"
"SVM_Repeat_21_Fold_05","SVM","Repeat_21_Fold_05",21,"Fold_05",5,121,100,50,9536,4,1,5,6362,"Planned"
"SVM_Repeat_22_Fold_01","SVM","Repeat_22_Fold_01",22,"Fold_01",1,122,100,50,9536,4,1,1,4678,"Planned"
"SVM_Repeat_22_Fold_02","SVM","Repeat_22_Fold_02",22,"Fold_02",2,122,100,50,9536,4,1,2,5882,"Planned"
"SVM_Repeat_22_Fold_03","SVM","Repeat_22_Fold_03",22,"Fold_03",3,122,100,50,9536,4,1,3,5972,"Planned"
"SVM_Repeat_22_Fold_04","SVM","Repeat_22_Fold_04",22,"Fold_04",4,122,100,50,9536,4,1,4,5000,"Planned"
"SVM_Repeat_22_Fold_05","SVM","Repeat_22_Fold_05",22,"Fold_05",5,122,100,50,9536,4,1,5,6362,"Planned"
"SVM_Repeat_23_Fold_01","SVM","Repeat_23_Fold_01",23,"Fold_01",1,123,100,50,9536,4,1,1,4678,"Planned"
"SVM_Repeat_23_Fold_02","SVM","Repeat_23_Fold_02",23,"Fold_02",2,123,100,50,9536,4,1,2,5882,"Planned"
"SVM_Repeat_23_Fold_03","SVM","Repeat_23_Fold_03",23,"Fold_03",3,123,100,50,9536,4,1,3,5972,"Planned"
"SVM_Repeat_23_Fold_04","SVM","Repeat_23_Fold_04",23,"Fold_04",4,123,100,50,9536,4,1,4,5000,"Planned"
"SVM_Repeat_23_Fold_05","SVM","Repeat_23_Fold_05",23,"Fold_05",5,123,100,50,9536,4,1,5,6362,"Planned"
"SVM_Repeat_24_Fold_01","SVM","Repeat_24_Fold_01",24,"Fold_01",1,124,100,50,9536,4,1,1,4678,"Planned"
"SVM_Repeat_24_Fold_02","SVM","Repeat_24_Fold_02",24,"Fold_02",2,124,100,50,9536,4,1,2,5882,"Planned"
"SVM_Repeat_24_Fold_03","SVM","Repeat_24_Fold_03",24,"Fold_03",3,124,100,50,9536,4,1,3,5972,"Planned"
"SVM_Repeat_24_Fold_04","SVM","Repeat_24_Fold_04",24,"Fold_04",4,124,100,50,9536,4,1,4,5000,"Planned"
"SVM_Repeat_24_Fold_05","SVM","Repeat_24_Fold_05",24,"Fold_05",5,124,100,50,9536,4,1,5,6362,"Planned"
"SVM_Repeat_25_Fold_01","SVM","Repeat_25_Fold_01",25,"Fold_01",1,125,100,50,9536,4,1,1,4678,"Planned"
"SVM_Repeat_25_Fold_02","SVM","Repeat_25_Fold_02",25,"Fold_02",2,125,100,50,9536,4,1,2,5882,"Planned"
"SVM_Repeat_25_Fold_03","SVM","Repeat_25_Fold_03",25,"Fold_03",3,125,100,50,9536,4,1,3,5972,"Planned"
"SVM_Repeat_25_Fold_04","SVM","Repeat_25_Fold_04",25,"Fold_04",4,125,100,50,9536,4,1,4,5000,"Planned"
"SVM_Repeat_25_Fold_05","SVM","Repeat_25_Fold_05",25,"Fold_05",5,125,100,50,9536,4,1,5,6362,"Planned"
"SVM_Repeat_26_Fold_01","SVM","Repeat_26_Fold_01",26,"Fold_01",1,126,100,50,9536,4,1,1,4678,"Planned"
"SVM_Repeat_26_Fold_02","SVM","Repeat_26_Fold_02",26,"Fold_02",2,126,100,50,9536,4,1,2,5882,"Planned"
"SVM_Repeat_26_Fold_03","SVM","Repeat_26_Fold_03",26,"Fold_03",3,126,100,50,9536,4,1,3,5972,"Planned"
"SVM_Repeat_26_Fold_04","SVM","Repeat_26_Fold_04",26,"Fold_04",4,126,100,50,9536,4,1,4,5000,"Planned"
"SVM_Repeat_26_Fold_05","SVM","Repeat_26_Fold_05",26,"Fold_05",5,126,100,50,9536,4,1,5,6362,"Planned"
"SVM_Repeat_27_Fold_01","SVM","Repeat_27_Fold_01",27,"Fold_01",1,127,100,50,9536,4,1,1,4678,"Planned"
"SVM_Repeat_27_Fold_02","SVM","Repeat_27_Fold_02",27,"Fold_02",2,127,100,50,9536,4,1,2,5882,"Planned"
"SVM_Repeat_27_Fold_03","SVM","Repeat_27_Fold_03",27,"Fold_03",3,127,100,50,9536,4,1,3,5972,"Planned"
"SVM_Repeat_27_Fold_04","SVM","Repeat_27_Fold_04",27,"Fold_04",4,127,100,50,9536,4,1,4,5000,"Planned"
"SVM_Repeat_27_Fold_05","SVM","Repeat_27_Fold_05",27,"Fold_05",5,127,100,50,9536,4,1,5,6362,"Planned"
"SVM_Repeat_28_Fold_01","SVM","Repeat_28_Fold_01",28,"Fold_01",1,128,100,50,9536,4,1,1,4678,"Planned"
"SVM_Repeat_28_Fold_02","SVM","Repeat_28_Fold_02",28,"Fold_02",2,128,100,50,9536,4,1,2,5882,"Planned"
"SVM_Repeat_28_Fold_03","SVM","Repeat_28_Fold_03",28,"Fold_03",3,128,100,50,9536,4,1,3,5972,"Planned"
"SVM_Repeat_28_Fold_04","SVM","Repeat_28_Fold_04",28,"Fold_04",4,128,100,50,9536,4,1,4,5000,"Planned"
"SVM_Repeat_28_Fold_05","SVM","Repeat_28_Fold_05",28,"Fold_05",5,128,100,50,9536,4,1,5,6362,"Planned"
"SVM_Repeat_29_Fold_01","SVM","Repeat_29_Fold_01",29,"Fold_01",1,129,100,50,9536,4,1,1,4678,"Planned"
"SVM_Repeat_29_Fold_02","SVM","Repeat_29_Fold_02",29,"Fold_02",2,129,100,50,9536,4,1,2,5882,"Planned"
"SVM_Repeat_29_Fold_03","SVM","Repeat_29_Fold_03",29,"Fold_03",3,129,100,50,9536,4,1,3,5972,"Planned"
"SVM_Repeat_29_Fold_04","SVM","Repeat_29_Fold_04",29,"Fold_04",4,129,100,50,9536,4,1,4,5000,"Planned"
"SVM_Repeat_29_Fold_05","SVM","Repeat_29_Fold_05",29,"Fold_05",5,129,100,50,9536,4,1,5,6362,"Planned"
"SVM_Repeat_30_Fold_01","SVM","Repeat_30_Fold_01",30,"Fold_01",1,130,100,50,9536,4,1,1,4678,"Planned"
"SVM_Repeat_30_Fold_02","SVM","Repeat_30_Fold_02",30,"Fold_02",2,130,100,50,9536,4,1,2,5882,"Planned"
"SVM_Repeat_30_Fold_03","SVM","Repeat_30_Fold_03",30,"Fold_03",3,130,100,50,9536,4,1,3,5972,"Planned"
"SVM_Repeat_30_Fold_04","SVM","Repeat_30_Fold_04",30,"Fold_04",4,130,100,50,9536,4,1,4,5000,"Planned"
"SVM_Repeat_30_Fold_05","SVM","Repeat_30_Fold_05",30,"Fold_05",5,130,100,50,9536,4,1,5,6362,"Planned"
