"Algorithm","Run_ID","Repeat","Fold_ID","Fold_Number","Background_Seed","Held_Out_CellID","Held_Out_X","Held_Out_Y","Held_Out_Observed_Class","Held_Out_Occurrence_Probability","Predictor_n","Training_Row_n","Training_Occurrence_n","Training_Background_n","Best_mtry","Best_min_node_size","Num_Trees","Occurrence_Class_Weight","Best_Tuning_OOB_Error","Final_Model_OOB_Error","RF_Seed","Model_File","QAQC_Status"
"RF","Repeat_01_Fold_01",1,"Fold_01",1,101,4678,531938.5791,4418539.11,1,0.0781162496127867,10,104,4,100,1,5,1000,25,0.0350920786919274,0.0360701627407685,5001,,"PASS"
"RF","Repeat_01_Fold_02",1,"Fold_02",2,101,5882,532038.5791,4418164.11,1,0.0781025768758157,11,104,4,100,1,3,1000,25,0.0367981422366974,0.0368567002217758,5002,,"PASS"
"RF","Repeat_01_Fold_03",1,"Fold_03",3,101,5972,532288.5791,4418139.11,1,0.100356894158146,10,104,4,100,1,3,1000,25,0.0357598350092179,0.0355958204623159,5003,,"PASS"
"RF","Repeat_01_Fold_04",1,"Fold_04",4,101,5000,531988.5791,4418439.11,1,0.154869893881356,10,104,4,100,1,1,1000,25,0.03781214989933,0.0386869261156959,5004,,"PASS"
"RF","Repeat_01_Fold_05",1,"Fold_05",5,101,6362,532038.5791,4418014.11,1,0.119096537466039,11,104,4,100,1,5,1000,25,0.0360009132924094,0.0356902439621871,5005,,"PASS"
"RF","Repeat_02_Fold_01",2,"Fold_01",1,102,4678,531938.5791,4418539.11,1,0.108703106183841,10,104,4,100,1,3,1000,25,0.034115765825024,0.034768538392874,5006,,"PASS"
"RF","Repeat_02_Fold_02",2,"Fold_02",2,102,5882,532038.5791,4418164.11,1,0.157098066091301,10,104,4,100,1,3,1000,25,0.0357611328833344,0.0359785825333828,5007,,"PASS"
"RF","Repeat_02_Fold_03",2,"Fold_03",3,102,5972,532288.5791,4418139.11,1,0.115822657347398,10,104,4,100,1,3,1000,25,0.0330229374067257,0.0341445424575326,5008,,"PASS"
"RF","Repeat_02_Fold_04",2,"Fold_04",4,102,5000,531988.5791,4418439.11,1,0.179294898718025,10,104,4,100,3,1,1000,25,0.0318207488388227,0.031800638091729,5009,,"PASS"
"RF","Repeat_02_Fold_05",2,"Fold_05",5,102,6362,532038.5791,4418014.11,1,0.088308532404603,10,104,4,100,1,5,1000,25,0.033986307291947,0.0329092116327504,5010,,"PASS"
"RF","Repeat_03_Fold_01",3,"Fold_01",1,103,4678,531938.5791,4418539.11,1,0.132501295960944,10,104,4,100,1,3,1000,25,0.034706082062008,0.0348244368320296,5011,,"PASS"
"RF","Repeat_03_Fold_02",3,"Fold_02",2,103,5882,532038.5791,4418164.11,1,0.0897716546407812,10,104,4,100,1,5,1000,25,0.0356428822460925,0.0360321622252666,5012,,"PASS"
"RF","Repeat_03_Fold_03",3,"Fold_03",3,103,5972,532288.5791,4418139.11,1,0.149593003535407,10,104,4,100,1,1,1000,25,0.0373892552162037,0.036446089228762,5013,,"PASS"
"RF","Repeat_03_Fold_04",3,"Fold_04",4,103,5000,531988.5791,4418439.11,1,0.0932169924466673,10,104,4,100,1,5,1000,25,0.035779148590651,0.0363712654664347,5014,,"PASS"
"RF","Repeat_03_Fold_05",3,"Fold_05",5,103,6362,532038.5791,4418014.11,1,0.144156414294493,10,104,4,100,1,5,1000,25,0.0364824867701447,0.0373708597751897,5015,,"PASS"
"RF","Repeat_04_Fold_01",4,"Fold_01",1,104,4678,531938.5791,4418539.11,1,0.120250466897894,10,104,4,100,1,3,1000,25,0.0343389834741771,0.0347188374137176,5016,,"PASS"
"RF","Repeat_04_Fold_02",4,"Fold_02",2,104,5882,532038.5791,4418164.11,1,0.132087187055297,10,104,4,100,1,1,1000,25,0.0359372858804347,0.0362199051897249,5017,,"PASS"
"RF","Repeat_04_Fold_03",4,"Fold_03",3,104,5972,532288.5791,4418139.11,1,0.0915240767027357,10,104,4,100,1,3,1000,25,0.0352490925739359,0.0354502302427183,5018,,"PASS"
"RF","Repeat_04_Fold_04",4,"Fold_04",4,104,5000,531988.5791,4418439.11,1,0.119469161901892,10,104,4,100,1,1,1000,25,0.0344985240209969,0.0350150704275353,5019,,"PASS"
"RF","Repeat_04_Fold_05",4,"Fold_05",5,104,6362,532038.5791,4418014.11,1,0.118663909972767,10,104,4,100,1,5,1000,25,0.0368125241711673,0.0367159395959561,5020,,"PASS"
"RF","Repeat_05_Fold_01",5,"Fold_01",1,105,4678,531938.5791,4418539.11,1,0.0921410403564475,10,104,4,100,1,5,1000,25,0.033833653567548,0.0348196029456656,5021,,"PASS"
"RF","Repeat_05_Fold_02",5,"Fold_02",2,105,5882,532038.5791,4418164.11,1,0.0772888610636377,10,104,4,100,1,1,1000,25,0.0343022023114352,0.0347988410954702,5022,,"PASS"
"RF","Repeat_05_Fold_03",5,"Fold_03",3,105,5972,532288.5791,4418139.11,1,0.120780080638187,11,104,4,100,1,5,1000,25,0.0357655256947862,0.0366934190594802,5023,,"PASS"
"RF","Repeat_05_Fold_04",5,"Fold_04",4,105,5000,531988.5791,4418439.11,1,0.0942474686644339,11,104,4,100,1,3,1000,25,0.0345972702237291,0.0353082929883931,5024,,"PASS"
"RF","Repeat_05_Fold_05",5,"Fold_05",5,105,6362,532038.5791,4418014.11,1,0.137137892947109,11,104,4,100,1,1,1000,25,0.03524837854166,0.0362218245350582,5025,,"PASS"
"RF","Repeat_06_Fold_01",6,"Fold_01",1,106,4678,531938.5791,4418539.11,1,0.121768855197678,10,104,4,100,1,3,1000,25,0.0362974451641006,0.0362207692987632,5026,,"PASS"
"RF","Repeat_06_Fold_02",6,"Fold_02",2,106,5882,532038.5791,4418164.11,1,0.103684270255227,10,104,4,100,1,5,1000,25,0.0364381434854641,0.0368781825712722,5027,,"PASS"
"RF","Repeat_06_Fold_03",6,"Fold_03",3,106,5972,532288.5791,4418139.11,1,0.104059308119443,10,104,4,100,1,5,1000,25,0.036281099441803,0.036574856289405,5028,,"PASS"
"RF","Repeat_06_Fold_04",6,"Fold_04",4,106,5000,531988.5791,4418439.11,1,0.0836067597312157,10,104,4,100,1,1,1000,25,0.0364369741108492,0.0367938456628472,5029,,"PASS"
"RF","Repeat_06_Fold_05",6,"Fold_05",5,106,6362,532038.5791,4418014.11,1,0.09417758881412,10,104,4,100,1,5,1000,25,0.0362327938259934,0.0368195039505608,5030,,"PASS"
"RF","Repeat_07_Fold_01",7,"Fold_01",1,107,4678,531938.5791,4418539.11,1,0.0984004300638856,10,104,4,100,1,5,1000,25,0.0336639564202364,0.0339598844148783,5031,,"PASS"
"RF","Repeat_07_Fold_02",7,"Fold_02",2,107,5882,532038.5791,4418164.11,1,0.145798136927699,10,104,4,100,1,3,1000,25,0.0348034732626949,0.0340460904608954,5032,,"PASS"
"RF","Repeat_07_Fold_03",7,"Fold_03",3,107,5972,532288.5791,4418139.11,1,0.109717545853381,10,104,4,100,1,3,1000,25,0.034851404283177,0.035077020651349,5033,,"PASS"
"RF","Repeat_07_Fold_04",7,"Fold_04",4,107,5000,531988.5791,4418439.11,1,0.104704615259223,10,104,4,100,1,3,1000,25,0.0343436976651094,0.0344261087045489,5034,,"PASS"
"RF","Repeat_07_Fold_05",7,"Fold_05",5,107,6362,532038.5791,4418014.11,1,0.11475174125412,10,104,4,100,1,1,1000,25,0.0346511151759821,0.0348086341116341,5035,,"PASS"
"RF","Repeat_08_Fold_01",8,"Fold_01",1,108,4678,531938.5791,4418539.11,1,0.136710911029957,10,104,4,100,1,5,1000,25,0.0317029378959102,0.0324849782594248,5036,,"PASS"
"RF","Repeat_08_Fold_02",8,"Fold_02",2,108,5882,532038.5791,4418164.11,1,0.15401578600071,10,104,4,100,1,5,1000,25,0.0355440352238455,0.035513087246094,5037,,"PASS"
"RF","Repeat_08_Fold_03",8,"Fold_03",3,108,5972,532288.5791,4418139.11,1,0.120127663216548,10,104,4,100,1,3,1000,25,0.0339080293168914,0.0348457485347395,5038,,"PASS"
"RF","Repeat_08_Fold_04",8,"Fold_04",4,108,5000,531988.5791,4418439.11,1,0.14015,10,104,4,100,5,5,1000,25,0.0323825563531485,0.0337392347297377,5039,,"PASS"
"RF","Repeat_08_Fold_05",8,"Fold_05",5,108,6362,532038.5791,4418014.11,1,0.117347887535189,10,104,4,100,1,5,1000,25,0.03406983265625,0.0342905378012026,5040,,"PASS"
"RF","Repeat_09_Fold_01",9,"Fold_01",1,109,4678,531938.5791,4418539.11,1,0.129700826118326,10,104,4,100,3,5,1000,25,0.0315118474926657,0.0328723087779201,5041,,"PASS"
"RF","Repeat_09_Fold_02",9,"Fold_02",2,109,5882,532038.5791,4418164.11,1,0.126036989002079,11,104,4,100,1,5,1000,25,0.0340666113240366,0.0347720952959414,5042,,"PASS"
"RF","Repeat_09_Fold_03",9,"Fold_03",3,109,5972,532288.5791,4418139.11,1,0.129062706797173,10,104,4,100,1,3,1000,25,0.0331917375761913,0.0329648912846272,5043,,"PASS"
"RF","Repeat_09_Fold_04",9,"Fold_04",4,109,5000,531988.5791,4418439.11,1,0.008,10,104,4,100,10,1,1000,25,0.0223976633593715,0.0220811245547225,5044,,"PASS"
"RF","Repeat_09_Fold_05",9,"Fold_05",5,109,6362,532038.5791,4418014.11,1,0.135984530674098,10,104,4,100,1,3,1000,25,0.0344596835371723,0.0355794174072651,5045,,"PASS"
"RF","Repeat_10_Fold_01",10,"Fold_01",1,110,4678,531938.5791,4418539.11,1,0.0923482586126534,10,104,4,100,1,1,1000,25,0.0365637417513449,0.0368837289641113,5046,,"PASS"
"RF","Repeat_10_Fold_02",10,"Fold_02",2,110,5882,532038.5791,4418164.11,1,0.0462470861342825,10,104,4,100,3,1,1000,25,0.0349409611719719,0.036253074274623,5047,,"PASS"
"RF","Repeat_10_Fold_03",10,"Fold_03",3,110,5972,532288.5791,4418139.11,1,0.10860289853439,11,104,4,100,1,5,1000,25,0.0355698424308891,0.0362923908320743,5048,,"PASS"
"RF","Repeat_10_Fold_04",10,"Fold_04",4,110,5000,531988.5791,4418439.11,1,0.0793105592188656,11,104,4,100,1,1,1000,25,0.0376120430910943,0.0366988212231549,5049,,"PASS"
"RF","Repeat_10_Fold_05",10,"Fold_05",5,110,6362,532038.5791,4418014.11,1,0.149410296306456,11,104,4,100,1,1,1000,25,0.03607609409043,0.0370362007679346,5050,,"PASS"
"RF","Repeat_11_Fold_01",11,"Fold_01",1,111,4678,531938.5791,4418539.11,1,0.15251134841929,11,104,4,100,1,3,1000,25,0.0362355722552177,0.036611386086835,5051,,"PASS"
"RF","Repeat_11_Fold_02",11,"Fold_02",2,111,5882,532038.5791,4418164.11,1,0.0703944386868948,11,104,4,100,1,1,1000,25,0.0351306687811556,0.0352149874781809,5052,,"PASS"
"RF","Repeat_11_Fold_03",11,"Fold_03",3,111,5972,532288.5791,4418139.11,1,0.131445000200795,11,104,4,100,1,3,1000,25,0.0346598755419532,0.0356165219431518,5053,,"PASS"
"RF","Repeat_11_Fold_04",11,"Fold_04",4,111,5000,531988.5791,4418439.11,1,0.009,11,104,4,100,6,1,1000,25,0.0331594612592544,0.0329781078234326,5054,,"PASS"
"RF","Repeat_11_Fold_05",11,"Fold_05",5,111,6362,532038.5791,4418014.11,1,0.103466161570844,11,104,4,100,1,3,1000,25,0.034416153955302,0.0351479176772988,5055,,"PASS"
"RF","Repeat_12_Fold_01",12,"Fold_01",1,112,4678,531938.5791,4418539.11,1,0.111450413154434,11,104,4,100,1,1,1000,25,0.0343747301364886,0.0351386056813706,5056,,"PASS"
"RF","Repeat_12_Fold_02",12,"Fold_02",2,112,5882,532038.5791,4418164.11,1,0.0490193183613262,11,104,4,100,3,1,1000,25,0.034384327293942,0.0351982306432057,5057,,"PASS"
"RF","Repeat_12_Fold_03",12,"Fold_03",3,112,5972,532288.5791,4418139.11,1,0.107245747492655,11,104,4,100,1,1,1000,25,0.035918627756926,0.0361956562663245,5058,,"PASS"
"RF","Repeat_12_Fold_04",12,"Fold_04",4,112,5000,531988.5791,4418439.11,1,0.0898419405580705,10,104,4,100,1,1,1000,25,0.0333024159476829,0.0339148117981164,5059,,"PASS"
"RF","Repeat_12_Fold_05",12,"Fold_05",5,112,6362,532038.5791,4418014.11,1,0.0841987946188287,11,104,4,100,1,3,1000,25,0.0359125746777627,0.0354229845869309,5060,,"PASS"
"RF","Repeat_13_Fold_01",13,"Fold_01",1,113,4678,531938.5791,4418539.11,1,0.0896039029977184,11,104,4,100,3,1,1000,25,0.0328197982196513,0.0332075435295564,5061,,"PASS"
"RF","Repeat_13_Fold_02",13,"Fold_02",2,113,5882,532038.5791,4418164.11,1,0.101129854704908,10,104,4,100,1,1,1000,25,0.0350377246315046,0.0349616859454657,5062,,"PASS"
"RF","Repeat_13_Fold_03",13,"Fold_03",3,113,5972,532288.5791,4418139.11,1,0.104559762998142,10,104,4,100,1,5,1000,25,0.0354963902474725,0.035214887761527,5063,,"PASS"
"RF","Repeat_13_Fold_04",13,"Fold_04",4,113,5000,531988.5791,4418439.11,1,0.122862340231148,11,104,4,100,3,1,1000,25,0.0348297442796339,0.0361091759744718,5064,,"PASS"
"RF","Repeat_13_Fold_05",13,"Fold_05",5,113,6362,532038.5791,4418014.11,1,0.200358745706104,10,104,4,100,1,5,1000,25,0.0356015104532526,0.0350370687263485,5065,,"PASS"
"RF","Repeat_14_Fold_01",14,"Fold_01",1,114,4678,531938.5791,4418539.11,1,0.113635198680697,11,104,4,100,1,1,1000,25,0.0352653063361048,0.0352867347406218,5066,,"PASS"
"RF","Repeat_14_Fold_02",14,"Fold_02",2,114,5882,532038.5791,4418164.11,1,0.0202727272727273,10,104,4,100,4,1,1000,25,0.0327062869907233,0.0338492139639375,5067,,"PASS"
"RF","Repeat_14_Fold_03",14,"Fold_03",3,114,5972,532288.5791,4418139.11,1,0.0962282188457518,10,104,4,100,1,5,1000,25,0.0374233777782529,0.0378304196848826,5068,,"PASS"
"RF","Repeat_14_Fold_04",14,"Fold_04",4,114,5000,531988.5791,4418439.11,1,0.0708701297297709,11,104,4,100,1,1,1000,25,0.0358553057966902,0.0367445329476179,5069,,"PASS"
"RF","Repeat_14_Fold_05",14,"Fold_05",5,114,6362,532038.5791,4418014.11,1,0.12418867579725,10,104,4,100,1,3,1000,25,0.0380728091114844,0.0384312880883693,5070,,"PASS"
"RF","Repeat_15_Fold_01",15,"Fold_01",1,115,4678,531938.5791,4418539.11,1,0.378642857142857,9,104,4,100,3,1,1000,25,0.0315698234454141,0.0319171682895384,5071,,"PASS"
"RF","Repeat_15_Fold_02",15,"Fold_02",2,115,5882,532038.5791,4418164.11,1,0.0804166666666667,10,104,4,100,4,1,1000,25,0.0326963509906797,0.0332779368338542,5072,,"PASS"
"RF","Repeat_15_Fold_03",15,"Fold_03",3,115,5972,532288.5791,4418139.11,1,0.147214513025451,10,104,4,100,1,3,1000,25,0.0358497713505158,0.0367933012448913,5073,,"PASS"
"RF","Repeat_15_Fold_04",15,"Fold_04",4,115,5000,531988.5791,4418439.11,1,0.011,10,104,4,100,10,1,1000,25,0.0251498177678465,0.0265753155565792,5074,,"PASS"
"RF","Repeat_15_Fold_05",15,"Fold_05",5,115,6362,532038.5791,4418014.11,1,0.116791770201249,11,104,4,100,1,5,1000,25,0.0357434086902894,0.0360492809017654,5075,,"PASS"
"RF","Repeat_16_Fold_01",16,"Fold_01",1,116,4678,531938.5791,4418539.11,1,0.0920905507663575,10,104,4,100,1,5,1000,25,0.0311913576456092,0.0319559042628764,5076,,"PASS"
"RF","Repeat_16_Fold_02",16,"Fold_02",2,116,5882,532038.5791,4418164.11,1,0.501,10,104,4,100,4,1,1000,25,0.0282202623415414,0.029389010577107,5077,,"PASS"
"RF","Repeat_16_Fold_03",16,"Fold_03",3,116,5972,532288.5791,4418139.11,1,0.239833333333333,10,104,4,100,5,3,1000,25,0.0244184054583106,0.0246298846302545,5078,,"PASS"
"RF","Repeat_16_Fold_04",16,"Fold_04",4,116,5000,531988.5791,4418439.11,1,0.104337067794273,10,104,4,100,1,3,1000,25,0.0335390089119629,0.034682939369933,5079,,"PASS"
"RF","Repeat_16_Fold_05",16,"Fold_05",5,116,6362,532038.5791,4418014.11,1,0.3,10,104,4,100,5,1,1000,25,0.0240933370182378,0.0252458709090648,5080,,"PASS"
"RF","Repeat_17_Fold_01",17,"Fold_01",1,117,4678,531938.5791,4418539.11,1,0.148118958293893,10,104,4,100,1,5,1000,25,0.0334631976607801,0.034837237653531,5081,,"PASS"
"RF","Repeat_17_Fold_02",17,"Fold_02",2,117,5882,532038.5791,4418164.11,1,0.0852059488203189,10,104,4,100,1,5,1000,25,0.0346935051429758,0.0346157408433947,5082,,"PASS"
"RF","Repeat_17_Fold_03",17,"Fold_03",3,117,5972,532288.5791,4418139.11,1,0.100647767009853,11,104,4,100,1,5,1000,25,0.035105986140787,0.0355127823097781,5083,,"PASS"
"RF","Repeat_17_Fold_04",17,"Fold_04",4,117,5000,531988.5791,4418439.11,1,0.116063592527127,10,104,4,100,1,5,1000,25,0.0355853162371545,0.0363406168652279,5084,,"PASS"
"RF","Repeat_17_Fold_05",17,"Fold_05",5,117,6362,532038.5791,4418014.11,1,0.11929445565599,10,104,4,100,1,1,1000,25,0.0357740923374551,0.0353319986987652,5085,,"PASS"
"RF","Repeat_18_Fold_01",18,"Fold_01",1,118,4678,531938.5791,4418539.11,1,0.0815950636174757,11,104,4,100,1,1,1000,25,0.035503892078148,0.0359974126352236,5086,,"PASS"
"RF","Repeat_18_Fold_02",18,"Fold_02",2,118,5882,532038.5791,4418164.11,1,0.139639127879872,11,104,4,100,1,1,1000,25,0.0358106709139139,0.0360525423294011,5087,,"PASS"
"RF","Repeat_18_Fold_03",18,"Fold_03",3,118,5972,532288.5791,4418139.11,1,0.091937217472313,10,104,4,100,3,5,1000,25,0.0315724116487317,0.0318209148489237,5088,,"PASS"
"RF","Repeat_18_Fold_04",18,"Fold_04",4,118,5000,531988.5791,4418439.11,1,0.114828704026169,11,104,4,100,1,5,1000,25,0.0362830337830052,0.0366740917664507,5089,,"PASS"
"RF","Repeat_18_Fold_05",18,"Fold_05",5,118,6362,532038.5791,4418014.11,1,0.12167340623523,10,104,4,100,1,5,1000,25,0.0344451765923209,0.034535795645945,5090,,"PASS"
"RF","Repeat_19_Fold_01",19,"Fold_01",1,119,4678,531938.5791,4418539.11,1,0.101188132444987,10,104,4,100,1,3,1000,25,0.0357386749509543,0.0366210279825023,5091,,"PASS"
"RF","Repeat_19_Fold_02",19,"Fold_02",2,119,5882,532038.5791,4418164.11,1,0.11464576570663,10,104,4,100,1,1,1000,25,0.0375235881714095,0.0381837841672869,5092,,"PASS"
"RF","Repeat_19_Fold_03",19,"Fold_03",3,119,5972,532288.5791,4418139.11,1,0.0802905412438501,11,104,4,100,1,3,1000,25,0.0362391148812866,0.0360330771115231,5093,,"PASS"
"RF","Repeat_19_Fold_04",19,"Fold_04",4,119,5000,531988.5791,4418439.11,1,0.0153333333333333,11,104,4,100,11,5,1000,25,0.0329849179775357,0.0329230331914378,5094,,"PASS"
"RF","Repeat_19_Fold_05",19,"Fold_05",5,119,6362,532038.5791,4418014.11,1,0.0923590599860196,10,104,4,100,1,5,1000,25,0.0367493547201556,0.0367368668811535,5095,,"PASS"
"RF","Repeat_20_Fold_01",20,"Fold_01",1,120,4678,531938.5791,4418539.11,1,0.180961495903486,10,104,4,100,1,3,1000,25,0.0348499030948833,0.0355400975593088,5096,,"PASS"
"RF","Repeat_20_Fold_02",20,"Fold_02",2,120,5882,532038.5791,4418164.11,1,0.0622775815867187,10,104,4,100,1,3,1000,25,0.0346973837477155,0.0352432505013639,5097,,"PASS"
"RF","Repeat_20_Fold_03",20,"Fold_03",3,120,5972,532288.5791,4418139.11,1,0.104476386474332,10,104,4,100,1,5,1000,25,0.0357779573734129,0.0367597876580797,5098,,"PASS"
"RF","Repeat_20_Fold_04",20,"Fold_04",4,120,5000,531988.5791,4418439.11,1,0.01,10,104,4,100,10,1,1000,25,0.0253336035806207,0.0265367806730647,5099,,"PASS"
"RF","Repeat_20_Fold_05",20,"Fold_05",5,120,6362,532038.5791,4418014.11,1,0.116670348006259,10,104,4,100,1,5,1000,25,0.0358696001727165,0.0362856360351768,5100,,"PASS"
"RF","Repeat_21_Fold_01",21,"Fold_01",1,121,4678,531938.5791,4418539.11,1,0.0607815376167228,10,104,4,100,1,3,1000,25,0.0350190531286908,0.0350964797489758,5101,,"PASS"
"RF","Repeat_21_Fold_02",21,"Fold_02",2,121,5882,532038.5791,4418164.11,1,0.129966271038024,10,104,4,100,1,1,1000,25,0.0369843148157478,0.0377297137338011,5102,,"PASS"
"RF","Repeat_21_Fold_03",21,"Fold_03",3,121,5972,532288.5791,4418139.11,1,0.0939759681666489,10,104,4,100,1,5,1000,25,0.035422733833147,0.0355338089294236,5103,,"PASS"
"RF","Repeat_21_Fold_04",21,"Fold_04",4,121,5000,531988.5791,4418439.11,1,0.095238573052888,10,104,4,100,1,3,1000,25,0.0357050766356476,0.0369611456061746,5104,,"PASS"
"RF","Repeat_21_Fold_05",21,"Fold_05",5,121,6362,532038.5791,4418014.11,1,0.12287907823467,10,104,4,100,1,5,1000,25,0.0359879147485261,0.0353621212353359,5105,,"PASS"
"RF","Repeat_22_Fold_01",22,"Fold_01",1,122,4678,531938.5791,4418539.11,1,0.0795361889550429,11,104,4,100,1,1,1000,25,0.0355576815820156,0.0361540478091478,5106,,"PASS"
"RF","Repeat_22_Fold_02",22,"Fold_02",2,122,5882,532038.5791,4418164.11,1,0.0896264106132489,10,104,4,100,1,5,1000,25,0.0364930640082425,0.0364670805987974,5107,,"PASS"
"RF","Repeat_22_Fold_03",22,"Fold_03",3,122,5972,532288.5791,4418139.11,1,0.106518850148581,11,104,4,100,1,1,1000,25,0.0369594021859674,0.0370453275573402,5108,,"PASS"
"RF","Repeat_22_Fold_04",22,"Fold_04",4,122,5000,531988.5791,4418439.11,1,0.140763842223174,11,104,4,100,1,1,1000,25,0.03508951731884,0.0353814697479505,5109,,"PASS"
"RF","Repeat_22_Fold_05",22,"Fold_05",5,122,6362,532038.5791,4418014.11,1,0.11609681081262,11,104,4,100,1,5,1000,25,0.0365749072462149,0.0370585346338794,5110,,"PASS"
"RF","Repeat_23_Fold_01",23,"Fold_01",1,123,4678,531938.5791,4418539.11,1,0.178466782120728,10,104,4,100,1,5,1000,25,0.0301140447026996,0.0305007292674074,5111,,"PASS"
"RF","Repeat_23_Fold_02",23,"Fold_02",2,123,5882,532038.5791,4418164.11,1,0.139985445888076,11,104,4,100,3,1,1000,25,0.0333315817843403,0.034380589151941,5112,,"PASS"
"RF","Repeat_23_Fold_03",23,"Fold_03",3,123,5972,532288.5791,4418139.11,1,0.177365038311319,10,104,4,100,1,3,1000,25,0.0323652263156739,0.0329039100918747,5113,,"PASS"
"RF","Repeat_23_Fold_04",23,"Fold_04",4,123,5000,531988.5791,4418439.11,1,0.130833333333333,10,104,4,100,10,5,1000,25,0.0257560021150963,0.0265972956626739,5114,,"PASS"
"RF","Repeat_23_Fold_05",23,"Fold_05",5,123,6362,532038.5791,4418014.11,1,0.134218093782638,10,104,4,100,1,3,1000,25,0.0324574591532482,0.032745543849938,5115,,"PASS"
"RF","Repeat_24_Fold_01",24,"Fold_01",1,124,4678,531938.5791,4418539.11,1,0.101184316286428,11,104,4,100,1,5,1000,25,0.0357913720265759,0.0363675905496018,5116,,"PASS"
"RF","Repeat_24_Fold_02",24,"Fold_02",2,124,5882,532038.5791,4418164.11,1,0.0920716639663372,10,104,4,100,1,3,1000,25,0.0369801211083743,0.0374630324158524,5117,,"PASS"
"RF","Repeat_24_Fold_03",24,"Fold_03",3,124,5972,532288.5791,4418139.11,1,0.0978130779240006,10,104,4,100,1,1,1000,25,0.0373733353040001,0.0383310122316917,5118,,"PASS"
"RF","Repeat_24_Fold_04",24,"Fold_04",4,124,5000,531988.5791,4418439.11,1,0.0884773082545517,10,104,4,100,1,1,1000,25,0.0369396605229158,0.037455704166995,5119,,"PASS"
"RF","Repeat_24_Fold_05",24,"Fold_05",5,124,6362,532038.5791,4418014.11,1,0.0996222471152664,10,104,4,100,1,1,1000,25,0.0365272116331237,0.0370835178983365,5120,,"PASS"
"RF","Repeat_25_Fold_01",25,"Fold_01",1,125,4678,531938.5791,4418539.11,1,0.0587907298237878,10,104,4,100,1,1,1000,25,0.034506381637448,0.034930595888572,5121,,"PASS"
"RF","Repeat_25_Fold_02",25,"Fold_02",2,125,5882,532038.5791,4418164.11,1,0.113983466655522,10,104,4,100,1,1,1000,25,0.0363639103050724,0.0367675115379241,5122,,"PASS"
"RF","Repeat_25_Fold_03",25,"Fold_03",3,125,5972,532288.5791,4418139.11,1,0.127401874317634,10,104,4,100,1,1,1000,25,0.0371253410116324,0.0375118600386742,5123,,"PASS"
"RF","Repeat_25_Fold_04",25,"Fold_04",4,125,5000,531988.5791,4418439.11,1,0.0792000433451173,10,104,4,100,1,5,1000,25,0.0356761386342685,0.0362303057280453,5124,,"PASS"
"RF","Repeat_25_Fold_05",25,"Fold_05",5,125,6362,532038.5791,4418014.11,1,0.129911784787052,10,104,4,100,1,3,1000,25,0.0371856214793568,0.0384800084516999,5125,,"PASS"
"RF","Repeat_26_Fold_01",26,"Fold_01",1,126,4678,531938.5791,4418539.11,1,0.260035270829867,11,104,4,100,3,3,1000,25,0.0290122957014273,0.0305510791501094,5126,,"PASS"
"RF","Repeat_26_Fold_02",26,"Fold_02",2,126,5882,532038.5791,4418164.11,1,0.155417072245565,10,104,4,100,3,1,1000,25,0.0313218273854204,0.0325506920040797,5127,,"PASS"
"RF","Repeat_26_Fold_03",26,"Fold_03",3,126,5972,532288.5791,4418139.11,1,0.116169069570131,11,104,4,100,1,3,1000,25,0.0325002761508057,0.032449322971811,5128,,"PASS"
"RF","Repeat_26_Fold_04",26,"Fold_04",4,126,5000,531988.5791,4418439.11,1,0.052,10,104,4,100,5,1,1000,25,0.0283371879270088,0.029283051238844,5129,,"PASS"
"RF","Repeat_26_Fold_05",26,"Fold_05",5,126,6362,532038.5791,4418014.11,1,0.142256310094673,10,104,4,100,1,1,1000,25,0.0331987604105021,0.0333866884538667,5130,,"PASS"
"RF","Repeat_27_Fold_01",27,"Fold_01",1,127,4678,531938.5791,4418539.11,1,0.137316059174601,11,104,4,100,1,3,1000,25,0.0338575449060824,0.0343611099542306,5131,,"PASS"
"RF","Repeat_27_Fold_02",27,"Fold_02",2,127,5882,532038.5791,4418164.11,1,0.0919032442819813,10,104,4,100,1,1,1000,25,0.0341958829362353,0.0348426880967905,5132,,"PASS"
"RF","Repeat_27_Fold_03",27,"Fold_03",3,127,5972,532288.5791,4418139.11,1,0.104645723237081,10,104,4,100,1,5,1000,25,0.0371488224424982,0.0378027805718531,5133,,"PASS"
"RF","Repeat_27_Fold_04",27,"Fold_04",4,127,5000,531988.5791,4418439.11,1,0.1481712661016,11,104,4,100,1,1,1000,25,0.0342959095464238,0.0346164690154291,5134,,"PASS"
"RF","Repeat_27_Fold_05",27,"Fold_05",5,127,6362,532038.5791,4418014.11,1,0.123645279721932,10,104,4,100,1,3,1000,25,0.0372549609064292,0.037672750701388,5135,,"PASS"
"RF","Repeat_28_Fold_01",28,"Fold_01",1,128,4678,531938.5791,4418539.11,1,0.0994076068478646,10,104,4,100,1,3,1000,25,0.0360288944382019,0.0362007449148508,5136,,"PASS"
"RF","Repeat_28_Fold_02",28,"Fold_02",2,128,5882,532038.5791,4418164.11,1,0.103803509882869,10,104,4,100,1,3,1000,25,0.0355538639691455,0.0357851091643941,5137,,"PASS"
"RF","Repeat_28_Fold_03",28,"Fold_03",3,128,5972,532288.5791,4418139.11,1,0.0798329832434161,10,104,4,100,1,5,1000,25,0.0367559877083229,0.036715723440547,5138,,"PASS"
"RF","Repeat_28_Fold_04",28,"Fold_04",4,128,5000,531988.5791,4418439.11,1,0.0979659541116607,10,104,4,100,1,5,1000,25,0.037178912437571,0.0368766214662341,5139,,"PASS"
"RF","Repeat_28_Fold_05",28,"Fold_05",5,128,6362,532038.5791,4418014.11,1,0.10055211992681,10,104,4,100,1,5,1000,25,0.0372829381269098,0.037500235820527,5140,,"PASS"
"RF","Repeat_29_Fold_01",29,"Fold_01",1,129,4678,531938.5791,4418539.11,1,0.106327151486154,10,104,4,100,1,3,1000,25,0.0353804222474197,0.0351504028671391,5141,,"PASS"
"RF","Repeat_29_Fold_02",29,"Fold_02",2,129,5882,532038.5791,4418164.11,1,0.1024265794879,10,104,4,100,1,1,1000,25,0.0369827059024546,0.0367368041825609,5142,,"PASS"
"RF","Repeat_29_Fold_03",29,"Fold_03",3,129,5972,532288.5791,4418139.11,1,0.102744803278823,10,104,4,100,1,3,1000,25,0.036932278211099,0.0372928348770558,5143,,"PASS"
"RF","Repeat_29_Fold_04",29,"Fold_04",4,129,5000,531988.5791,4418439.11,1,0.044,10,104,4,100,10,3,1000,25,0.0244616791159995,0.0246081346498885,5144,,"PASS"
"RF","Repeat_29_Fold_05",29,"Fold_05",5,129,6362,532038.5791,4418014.11,1,0.088974172586466,10,104,4,100,1,5,1000,25,0.0366508499667674,0.0376400815542988,5145,,"PASS"
"RF","Repeat_30_Fold_01",30,"Fold_01",1,130,4678,531938.5791,4418539.11,1,0.159858474558467,10,104,4,100,1,1,1000,25,0.0344135378332271,0.0349000794378096,5146,,"PASS"
"RF","Repeat_30_Fold_02",30,"Fold_02",2,130,5882,532038.5791,4418164.11,1,0.0857525880811626,10,104,4,100,1,5,1000,25,0.0345316072824513,0.0355705204311002,5147,,"PASS"
"RF","Repeat_30_Fold_03",30,"Fold_03",3,130,5972,532288.5791,4418139.11,1,0.127593810822735,10,104,4,100,1,3,1000,25,0.0363798646186675,0.037011188914374,5148,,"PASS"
"RF","Repeat_30_Fold_04",30,"Fold_04",4,130,5000,531988.5791,4418439.11,1,0.0967848079057587,10,104,4,100,1,5,1000,25,0.0356152246503451,0.0353605180980199,5149,,"PASS"
"RF","Repeat_30_Fold_05",30,"Fold_05",5,130,6362,532038.5791,4418014.11,1,0.0960315004816201,11,104,4,100,1,5,1000,25,0.0363865416003992,0.0359835502259939,5150,,"PASS"
