"Algorithm","Run_ID","Repeat","Fold_ID","Fold_Number","Grid_Mean","Grid_SD","Threshold_P90","Threshold_P95","Threshold_P99","Threshold_Mean_Plus_2SD"
"SVM","Repeat_01_Fold_01",1,"Fold_01",1,0.0412418836917363,0.00138171655242049,0.0426338148375207,0.0427479547372005,0.0429400082464068,0.0440053167965773
"SVM","Repeat_01_Fold_02",1,"Fold_02",2,0.0405600852558745,0.0108588006332964,0.0570036735086757,0.0599162993569468,0.062804578442417,0.0622776865224673
"SVM","Repeat_01_Fold_03",1,"Fold_03",3,0.0409646461626659,0.00878722236914009,0.0537183834096576,0.0565953955843831,0.0616495370910842,0.0585390909009461
"SVM","Repeat_01_Fold_04",1,"Fold_04",4,0.0421300969781846,0.00184195176421136,0.0439395522918183,0.0458759373866151,0.048614370603568,0.0458140005066073
"SVM","Repeat_01_Fold_05",1,"Fold_05",5,0.0427143154478809,0.0213964525497776,0.0755220343722789,0.0839679704802748,0.097022876539036,0.085507220547436
"SVM","Repeat_02_Fold_01",2,"Fold_01",1,0.0485980624885571,0.0802595635738769,0.043568866000915,0.0878223745142513,0.540097399043992,0.209117189636311
"SVM","Repeat_02_Fold_02",2,"Fold_02",2,0.040378249244934,0.042739901962372,0.112126900484471,0.136489542800969,0.170648346983316,0.125858053169678
"SVM","Repeat_02_Fold_03",2,"Fold_03",3,0.0449733494217631,0.0500531980895288,0.108118785306369,0.142638529700431,0.261394468136821,0.145079745600821
"SVM","Repeat_02_Fold_04",2,"Fold_04",4,0.0363176580901605,0.0501701751745659,0.0669722720134402,0.0916889069992763,0.25244911694996,0.136658008439292
"SVM","Repeat_02_Fold_05",2,"Fold_05",5,0.0456915863033976,0.0463293645926653,0.110314719831997,0.138461587109827,0.224944090937871,0.138350315488728
"SVM","Repeat_03_Fold_01",3,"Fold_01",1,0.0322516364912361,0.0515939241016838,0.0349134573693371,0.0381236824607227,0.192193801570495,0.135439484694604
"SVM","Repeat_03_Fold_02",3,"Fold_02",2,0.0349697683140506,0.0457474018875084,0.107115786598108,0.138196865452294,0.186633087983553,0.126464572089067
"SVM","Repeat_03_Fold_03",3,"Fold_03",3,0.0368896228707945,0.028408477789623,0.0773927050302772,0.0949714098471402,0.133155771863162,0.0937065784500405
"SVM","Repeat_03_Fold_04",3,"Fold_04",4,0.0219905912490456,0.0431657301805571,0.0477697741331899,0.0882209516163987,0.243022179110289,0.10832205161016
"SVM","Repeat_03_Fold_05",3,"Fold_05",5,0.0401939943698419,0.0110777186080035,0.0563217488775836,0.059857600199547,0.0660926920434638,0.0623494315858489
"SVM","Repeat_04_Fold_01",4,"Fold_01",1,0.040912358828183,0.0691852752427228,0.0420353822552543,0.0587284820409524,0.363890315849045,0.179282909313629
"SVM","Repeat_04_Fold_02",4,"Fold_02",2,0.0571139848607862,0.137996006971045,0.0464483784770692,0.244893488465217,0.863029692237477,0.333105998802877
"SVM","Repeat_04_Fold_03",4,"Fold_03",3,0.0477072856801064,0.0470392404027233,0.115184572090961,0.151505011190424,0.210995952470664,0.141785766485553
"SVM","Repeat_04_Fold_04",4,"Fold_04",4,0.0340554703961625,0.0321532681546224,0.0583912691126634,0.0857821415133506,0.191050457612509,0.0983620067054074
"SVM","Repeat_04_Fold_05",4,"Fold_05",5,0.0588561297490913,0.0908432653006365,0.0653662657015103,0.144483562363634,0.577843899313245,0.240542660350364
"SVM","Repeat_05_Fold_01",5,"Fold_01",1,0.0396316668921794,0.0395987685703625,0.0997552609807212,0.12875542491201,0.165727440796551,0.118829204032905
"SVM","Repeat_05_Fold_02",5,"Fold_02",2,0.0387966130203037,0.0209544228526911,0.072912601099781,0.0811522815703128,0.0909355802697958,0.0807054587256859
"SVM","Repeat_05_Fold_03",5,"Fold_03",3,0.0396837740234493,0.00519475281605677,0.0472340527154425,0.0488920016758156,0.0512106265048713,0.0500732796555628
"SVM","Repeat_05_Fold_04",5,"Fold_04",4,0.0370994335288757,0.0451191176026046,0.03991354889757,0.0433445515248478,0.188940264153054,0.127337668734085
"SVM","Repeat_05_Fold_05",5,"Fold_05",5,0.0430934761487314,0.040622072098852,0.106992034698541,0.132079043803988,0.167925554553703,0.124337620346436
"SVM","Repeat_06_Fold_01",6,"Fold_01",1,0.0422120357225204,0.0230874939734704,0.0786507778920397,0.0879381943001031,0.100512372641397,0.0883870236694612
"SVM","Repeat_06_Fold_02",6,"Fold_02",2,0.0442332167763401,0.0451480596993208,0.117576078449708,0.14403393142541,0.185258575893967,0.134529336174982
"SVM","Repeat_06_Fold_03",6,"Fold_03",3,0.0372046590871538,0.0299042577641538,0.0834640835979707,0.103477079072168,0.127632431682706,0.0970131746154614
"SVM","Repeat_06_Fold_04",6,"Fold_04",4,0.041533791011558,0.000631078503494812,0.0425976971840993,0.0428830539387564,0.0431945416230962,0.0427959480185476
"SVM","Repeat_06_Fold_05",6,"Fold_05",5,0.0422351966913658,0.0157864950963713,0.0659171195041228,0.0716243600029949,0.079130939126714,0.0738081868841085
"SVM","Repeat_07_Fold_01",7,"Fold_01",1,0.0409040255334483,0.00622621401504572,0.0498630750170432,0.051767925980154,0.0542696700305206,0.0533564535635397
"SVM","Repeat_07_Fold_02",7,"Fold_02",2,0.039283447372681,0.0387201379487687,0.102929079041113,0.121541880081819,0.160545805932761,0.116723723270218
"SVM","Repeat_07_Fold_03",7,"Fold_03",3,0.0322459000189735,0.0228696893939332,0.065900434153099,0.0773785080495403,0.0989823563764346,0.0779852788068398
"SVM","Repeat_07_Fold_04",7,"Fold_04",4,0.0385476689644889,0.0540159217324875,0.0958936629217652,0.141651725756806,0.281411638060029,0.146579512429464
"SVM","Repeat_07_Fold_05",7,"Fold_05",5,0.0350100980701073,0.0422455702655237,0.0890797641470431,0.128234800411426,0.180830111758745,0.119501238601155
"SVM","Repeat_08_Fold_01",8,"Fold_01",1,0.0349460750824428,0.0841761215615597,0.0344855039444797,0.0401894639849731,0.494008721513009,0.203298318205562
"SVM","Repeat_08_Fold_02",8,"Fold_02",2,0.0376558769620131,0.0206888769198665,0.0698482097781069,0.0788692271010682,0.0931426672164775,0.0790336308017462
"SVM","Repeat_08_Fold_03",8,"Fold_03",3,0.0368946309780416,0.0393994991692122,0.0952188426673876,0.121403159894844,0.178480980669758,0.115693629316466
"SVM","Repeat_08_Fold_04",8,"Fold_04",4,0.0408538747001396,0.0919169276826916,0.0683731453338765,0.193412189824157,0.520279573705646,0.224687730065523
"SVM","Repeat_08_Fold_05",8,"Fold_05",5,0.0442675139412687,0.049727340262282,0.119843116784804,0.151289615705522,0.209286551353476,0.143722194465833
"SVM","Repeat_09_Fold_01",9,"Fold_01",1,0.0426894549675404,0.104371477063283,0.0392919597276701,0.0845523689391209,0.706711472795816,0.251432409094105
"SVM","Repeat_09_Fold_02",9,"Fold_02",2,0.0389291976180473,0.110415367397901,0.0356049204722025,0.0518031543553735,0.821815641206973,0.259759932413849
"SVM","Repeat_09_Fold_03",9,"Fold_03",3,0.0446850570574426,0.0567408211068844,0.0861717039559156,0.115260676487208,0.337941432446844,0.158166699271211
"SVM","Repeat_09_Fold_04",9,"Fold_04",4,0.0421030418779869,0.0536352924566109,0.0931992767082399,0.157961709673029,0.297491377055011,0.149373626791209
"SVM","Repeat_09_Fold_05",9,"Fold_05",5,0.0456058636333108,0.0442981679506088,0.111318040343096,0.135920998623521,0.200797466334709,0.134202199534528
"SVM","Repeat_10_Fold_01",10,"Fold_01",1,0.0386980473094477,0.0161128509594148,0.0633249818826061,0.0702840975391059,0.0783901422663521,0.0709237492282772
"SVM","Repeat_10_Fold_02",10,"Fold_02",2,0.0471578584788515,0.0160649314951987,0.0710523789804083,0.0772808332537015,0.085768254063685,0.0792877214692489
"SVM","Repeat_10_Fold_03",10,"Fold_03",3,0.0396450675110493,0.00517995586228715,0.0474950750377384,0.0490412913570119,0.0511035573018114,0.0500049792356236
"SVM","Repeat_10_Fold_04",10,"Fold_04",4,0.0403993456612504,0.0992491990537109,0.0337968237728004,0.0613657751328933,0.63975505219518,0.238897743768672
"SVM","Repeat_10_Fold_05",10,"Fold_05",5,0.0336010291975842,0.0199377633475314,0.0613655473607014,0.0713506123351006,0.100152827626032,0.0734765558926471
"SVM","Repeat_11_Fold_01",11,"Fold_01",1,0.0403497880006704,0.0192113687002014,0.0698328033210031,0.0783489785110464,0.0906539569087,0.0787725254010733
"SVM","Repeat_11_Fold_02",11,"Fold_02",2,0.0428249576355131,0.0190731519092593,0.0668632737187321,0.0758965535091174,0.106733285540144,0.0809712614540316
"SVM","Repeat_11_Fold_03",11,"Fold_03",3,0.0411709413953863,0.00648793548652628,0.0499671974642263,0.0519614328712976,0.0589582674929319,0.0541468123684389
"SVM","Repeat_11_Fold_04",11,"Fold_04",4,0.0400194815315177,0.0347483659828061,0.0732863480539356,0.0903171145295307,0.190792482597246,0.10951621349713
"SVM","Repeat_11_Fold_05",11,"Fold_05",5,0.0420057284555067,0.00935721422260217,0.0450657921166687,0.0470621936878113,0.0846636352443297,0.060720156900711
"SVM","Repeat_12_Fold_01",12,"Fold_01",1,0.0392977851501285,0.0168065425311771,0.0653874055980309,0.0721880593788368,0.0818049279258008,0.0729108702124826
"SVM","Repeat_12_Fold_02",12,"Fold_02",2,0.03892586298418,0.0415002543448323,0.104349510958036,0.13560293978246,0.172931237952144,0.121926371673845
"SVM","Repeat_12_Fold_03",12,"Fold_03",3,0.0411467436726217,0.0016951481675788,0.0435060968995459,0.0441529108321832,0.0451497261567169,0.0445370400077793
"SVM","Repeat_12_Fold_04",12,"Fold_04",4,0.0366907048439508,0.0361860103671916,0.0780879090745242,0.11818629829899,0.19344717475871,0.109062725578334
"SVM","Repeat_12_Fold_05",12,"Fold_05",5,0.0337326155269671,0.0314211724220599,0.08112812561311,0.0960938489330332,0.124554275966504,0.0965749603710869
"SVM","Repeat_13_Fold_01",13,"Fold_01",1,0.0458567719011475,0.0449731323920589,0.119114098347359,0.144145616969891,0.18188345871556,0.135803036685265
"SVM","Repeat_13_Fold_02",13,"Fold_02",2,0.0436062818975161,0.0557802110563936,0.140010926491804,0.167823038201734,0.217965060861644,0.155166704010303
"SVM","Repeat_13_Fold_03",13,"Fold_03",3,0.0448289292934119,0.040052111121972,0.109549677414066,0.129820798822329,0.166644806958607,0.124933151537356
"SVM","Repeat_13_Fold_04",13,"Fold_04",4,0.0451009428187315,0.113064419091901,0.0964190035729627,0.236910033822886,0.638006756703237,0.271229781002533
"SVM","Repeat_13_Fold_05",13,"Fold_05",5,0.0473783713469556,0.0537648467237758,0.133349467482216,0.167009381687005,0.218334725108347,0.154908064794507
"SVM","Repeat_14_Fold_01",14,"Fold_01",1,0.0399196737441184,0.0935764894054265,0.0385216509685135,0.0456818865557015,0.602457835767542,0.227072652554971
"SVM","Repeat_14_Fold_02",14,"Fold_02",2,0.0410463814920477,0.0160524513616444,0.0660498254242888,0.0704765851650556,0.0757512515722952,0.0731512842153365
"SVM","Repeat_14_Fold_03",14,"Fold_03",3,0.0412677444101739,0.0101528429268806,0.0559972366312434,0.0593302135381326,0.0649466937803492,0.061573430263935
"SVM","Repeat_14_Fold_04",14,"Fold_04",4,0.0370729054462142,0.0506880130052025,0.0665522156188199,0.114437111992716,0.285150597619502,0.138448931456619
"SVM","Repeat_14_Fold_05",14,"Fold_05",5,0.0414769568830172,0.000602350383878218,0.0422914936004783,0.0424267130609402,0.04260835651111,0.0426816576507737
"SVM","Repeat_15_Fold_01",15,"Fold_01",1,0.040989341142506,0.00462720855998165,0.0426354126830947,0.0432319314621887,0.0579234486072587,0.0502437582624693
"SVM","Repeat_15_Fold_02",15,"Fold_02",2,0.0387107963007386,0.0409389980314141,0.10645094646538,0.131837855058971,0.163532831192174,0.120588792363567
"SVM","Repeat_15_Fold_03",15,"Fold_03",3,0.0450810256859685,0.0239322264889978,0.0822861192344077,0.093334540655483,0.107121265646845,0.0929454786639641
"SVM","Repeat_15_Fold_04",15,"Fold_04",4,0.040974294131985,0.00486539852017701,0.0462094058769535,0.0495447105178174,0.0551304200196887,0.0507050911723391
"SVM","Repeat_15_Fold_05",15,"Fold_05",5,0.0359787782897389,0.0251349229234959,0.0758337572588402,0.0867095215532687,0.10420057814053,0.0862486241367307
"SVM","Repeat_16_Fold_01",16,"Fold_01",1,0.042138028333669,0.021031234618499,0.0745084579219757,0.0840229610917909,0.0950822015326197,0.084200497570667
"SVM","Repeat_16_Fold_02",16,"Fold_02",2,0.0398927975162671,0.0408300735478051,0.0865574107413984,0.10569028144902,0.19394401008165,0.121552944611877
"SVM","Repeat_16_Fold_03",16,"Fold_03",3,0.0431661025759706,0.0574144892731988,0.103634549356391,0.147075955434719,0.323742927358258,0.157995081122368
"SVM","Repeat_16_Fold_04",16,"Fold_04",4,0.0467603460007688,0.0616826616772658,0.116025020579407,0.168454880841983,0.313434635295113,0.1701256693553
"SVM","Repeat_16_Fold_05",16,"Fold_05",5,0.0398917357820026,0.0395586955469761,0.0993833003539899,0.124357739353027,0.176467119773689,0.119009126875955
"SVM","Repeat_17_Fold_01",17,"Fold_01",1,0.0463424363053693,0.0304798770228626,0.0928337134960263,0.109992552501815,0.135018133183242,0.107302190351094
"SVM","Repeat_17_Fold_02",17,"Fold_02",2,0.0419398753815909,0.0287102232793436,0.0900280716478821,0.103090986499438,0.116952852169138,0.0993603219402782
"SVM","Repeat_17_Fold_03",17,"Fold_03",3,0.0479898684867275,0.0363052353073768,0.103069505000658,0.124394804591954,0.158732900473203,0.120600339101481
"SVM","Repeat_17_Fold_04",17,"Fold_04",4,0.0406945349642749,0.00269139964300144,0.0439893910939091,0.044508313181416,0.0452959942762395,0.0460773342502778
"SVM","Repeat_17_Fold_05",17,"Fold_05",5,0.0469361457552325,0.033893253853835,0.100331461207703,0.116998365520961,0.140789855522776,0.114722653462902
"SVM","Repeat_18_Fold_01",18,"Fold_01",1,0.0388875704889776,0.0356688043112112,0.0812538310846028,0.114484087130153,0.193895488295279,0.1102251791114
"SVM","Repeat_18_Fold_02",18,"Fold_02",2,0.0404971250984214,0.0442778477056725,0.102793455936558,0.136015641121577,0.211468030753383,0.129052820509766
"SVM","Repeat_18_Fold_03",18,"Fold_03",3,0.0419880346344901,0.00532558468325219,0.0486663369657161,0.0505181607487593,0.0531980464892503,0.0526392040009945
"SVM","Repeat_18_Fold_04",18,"Fold_04",4,0.0421749010170297,0.113911779923263,0.0359667444962312,0.0848981395845854,0.837537026326667,0.269998460863557
"SVM","Repeat_18_Fold_05",18,"Fold_05",5,0.0414743194005341,0.0234911721174022,0.0709916860437578,0.0825048294189538,0.131898063152176,0.0884566636353386
"SVM","Repeat_19_Fold_01",19,"Fold_01",1,0.0322676566669664,0.0237976730547533,0.0453080023191343,0.0602192914402111,0.125100370533074,0.0798630027764731
"SVM","Repeat_19_Fold_02",19,"Fold_02",2,0.0365581144900559,0.0301256700443431,0.0850807724201339,0.0998031559930567,0.12150126776195,0.0968094545787422
"SVM","Repeat_19_Fold_03",19,"Fold_03",3,0.038559196628713,0.0304566052193659,0.0888053657642235,0.103794638511966,0.126955566529098,0.0994724070674449
"SVM","Repeat_19_Fold_04",19,"Fold_04",4,0.0393954043387075,0.0215082727960715,0.065611865335274,0.0869142432703925,0.128332318570654,0.0824119499308505
"SVM","Repeat_19_Fold_05",19,"Fold_05",5,0.0402467109776202,0.00468816044752733,0.0467822468113407,0.0476796890346449,0.0488303935524589,0.0496230318726748
"SVM","Repeat_20_Fold_01",20,"Fold_01",1,0.0395752329222876,0.106835385001523,0.0362159638598844,0.0482096644789831,0.776107775837879,0.253246002925334
"SVM","Repeat_20_Fold_02",20,"Fold_02",2,0.0409081818437486,0.0305981660418677,0.0881365631890526,0.105305500087318,0.13218389231212,0.102104513927484
"SVM","Repeat_20_Fold_03",20,"Fold_03",3,0.0339186861694705,0.0206156001797607,0.0628764063274615,0.0748357910701199,0.102744142647091,0.075149886528992
"SVM","Repeat_20_Fold_04",20,"Fold_04",4,0.0533942651272816,0.10746855904107,0.0860217181167859,0.182509640359049,0.666118061650352,0.268331383209422
"SVM","Repeat_20_Fold_05",20,"Fold_05",5,0.0375929535301995,0.0240663577739531,0.0739800927761611,0.0860744524727999,0.108372508007279,0.0857256690781056
"SVM","Repeat_21_Fold_01",21,"Fold_01",1,0.0419080805124674,0.011522241928126,0.0596594411523183,0.0621776224303168,0.0663585227922731,0.0649525643687195
"SVM","Repeat_21_Fold_02",21,"Fold_02",2,0.0415340497111691,0.00770934396341694,0.0527467420184824,0.0548098792804555,0.0574820810828467,0.0569527376380029
"SVM","Repeat_21_Fold_03",21,"Fold_03",3,0.043316764755228,0.0287586539922106,0.088501367431031,0.101801396150871,0.121677889866546,0.100834072739649
"SVM","Repeat_21_Fold_04",21,"Fold_04",4,0.0445273744167869,0.135218987473217,0.0398172182400908,0.0545123149759827,0.980321846180309,0.314965349363221
"SVM","Repeat_21_Fold_05",21,"Fold_05",5,0.0454023174345526,0.0319469964963983,0.0955297438461168,0.111089308409629,0.130816036079215,0.109296310427349
"SVM","Repeat_22_Fold_01",22,"Fold_01",1,0.0388074473764671,0.0305056568043762,0.086078229224414,0.104137840032249,0.127371491991536,0.0998187609852195
"SVM","Repeat_22_Fold_02",22,"Fold_02",2,0.0406615337746483,0.0455564915635055,0.11266084591849,0.142130251300687,0.188440550565646,0.131774516901659
"SVM","Repeat_22_Fold_03",22,"Fold_03",3,0.0388689269149382,0.0248140156889619,0.0800767811413907,0.0893942479793872,0.105504299120106,0.088496958292862
"SVM","Repeat_22_Fold_04",22,"Fold_04",4,0.0443627748224604,0.122221145719244,0.0376646765160203,0.0977554446586436,0.883602996791952,0.288805066260949
"SVM","Repeat_22_Fold_05",22,"Fold_05",5,0.0401989934545494,0.0120567786820032,0.0579717042258939,0.0616336194433592,0.0657843661856843,0.0643125508185558
"SVM","Repeat_23_Fold_01",23,"Fold_01",1,0.0377282643861027,0.10601594851427,0.0377328877979685,0.0430595376719182,0.757449388765596,0.249760161414643
"SVM","Repeat_23_Fold_02",23,"Fold_02",2,0.0540176532012067,0.0690088575008883,0.172999414142523,0.214058916319685,0.268336808746062,0.192035368202983
"SVM","Repeat_23_Fold_03",23,"Fold_03",3,0.0404835874191389,0.0327594936995583,0.08951747584667,0.108008828029587,0.151898574847986,0.106002574818256
"SVM","Repeat_23_Fold_04",23,"Fold_04",4,0.0411525415180891,0.0758520617349959,0.0921098078174101,0.19554946489445,0.42736114566291,0.192856664988081
"SVM","Repeat_23_Fold_05",23,"Fold_05",5,0.0400421509741746,0.0313679880085671,0.0873058110296309,0.10318221043177,0.141861333106318,0.102778126991309
"SVM","Repeat_24_Fold_01",24,"Fold_01",1,0.0366007256654312,0.0200118318776081,0.0676824982858147,0.073458189904194,0.0809125398772172,0.0766243894206473
"SVM","Repeat_24_Fold_02",24,"Fold_02",2,0.0368153568294858,0.0232606481220821,0.0749893442729841,0.0824129066538853,0.0947466563535922,0.0833366530736499
"SVM","Repeat_24_Fold_03",24,"Fold_03",3,0.0408335512261719,0.00673807253260896,0.0503381837246664,0.0538448577153211,0.058880299915096,0.0543096962913898
"SVM","Repeat_24_Fold_04",24,"Fold_04",4,0.0322488559037604,0.0356023040292861,0.0661116524326677,0.0902340871488953,0.203525102411445,0.103453463962333
"SVM","Repeat_24_Fold_05",24,"Fold_05",5,0.0413277561544936,0.00575280326707621,0.0494833711307933,0.0509781852685503,0.0526785327097221,0.052833362688646
"SVM","Repeat_25_Fold_01",25,"Fold_01",1,0.0387054371304606,0.0421084161384542,0.109151757090652,0.133544814225896,0.168631909640687,0.122922269407369
"SVM","Repeat_25_Fold_02",25,"Fold_02",2,0.0395990172481557,0.0414478281959633,0.104891862670965,0.134695817943969,0.172671586662697,0.122494673640082
"SVM","Repeat_25_Fold_03",25,"Fold_03",3,0.0396935644416332,0.00616380722538583,0.0480024222941993,0.0506691671063289,0.0535927723259128,0.0520211788924049
"SVM","Repeat_25_Fold_04",25,"Fold_04",4,0.0397923737923187,0.0829388847612287,0.0363340459406159,0.0804080291742873,0.529839072721426,0.205670143314776
"SVM","Repeat_25_Fold_05",25,"Fold_05",5,0.047738825560483,0.0474528356511354,0.122194861405868,0.152092104576982,0.195757993013373,0.142644496862754
"SVM","Repeat_26_Fold_01",26,"Fold_01",1,0.0416276084377921,0.0506609808197384,0.110977049830018,0.15295889885642,0.242146500229389,0.142949570077269
"SVM","Repeat_26_Fold_02",26,"Fold_02",2,0.0407353399104882,0.047000846747602,0.10624311189653,0.142809640978569,0.223992613798881,0.134737033405692
"SVM","Repeat_26_Fold_03",26,"Fold_03",3,0.0362886852319748,0.0264248611574397,0.0716163404246969,0.0872193498289911,0.136924215469242,0.0891384075468542
"SVM","Repeat_26_Fold_04",26,"Fold_04",4,0.0525900189138434,0.1243658191765,0.0964417729504245,0.266917666989677,0.731285044312885,0.301321657266843
"SVM","Repeat_26_Fold_05",26,"Fold_05",5,0.0365552821831287,0.0342241326088698,0.0837445025970044,0.101817289782241,0.167835600827685,0.105003547400868
"SVM","Repeat_27_Fold_01",27,"Fold_01",1,0.0391953393854945,0.0222863304468018,0.0728505885815537,0.0844486087282246,0.0996713083858811,0.0837680002790981
"SVM","Repeat_27_Fold_02",27,"Fold_02",2,0.0376314084546706,0.0407930466957751,0.103561064181222,0.126982176858428,0.157900358970669,0.119217501846221
"SVM","Repeat_27_Fold_03",27,"Fold_03",3,0.0423312651681626,0.00882223686843005,0.0544894867493908,0.0586084991936046,0.064280988740437,0.0599757389050227
"SVM","Repeat_27_Fold_04",27,"Fold_04",4,0.0407227678534868,0.00932454383089966,0.0543139819540777,0.0591150730014808,0.0682475814626365,0.0593718555152862
"SVM","Repeat_27_Fold_05",27,"Fold_05",5,0.0389860651074655,0.0380866409449627,0.0759716992175892,0.115017423548033,0.19438920748055,0.115159346997391
"SVM","Repeat_28_Fold_01",28,"Fold_01",1,0.0407212314968096,0.0284770655179032,0.0853491283102181,0.100183598083564,0.118923595012712,0.097675362532616
"SVM","Repeat_28_Fold_02",28,"Fold_02",2,0.0422273773758198,0.0213957884446676,0.0750947789139573,0.0850363874918318,0.100413082451972,0.085018954265155
"SVM","Repeat_28_Fold_03",28,"Fold_03",3,0.0407655692691874,0.0132238611931824,0.0604217147203675,0.0653738127428863,0.0729499470858902,0.0672132916555521
"SVM","Repeat_28_Fold_04",28,"Fold_04",4,0.040587267849396,0.00680157533544277,0.0476122337123014,0.048583496383696,0.0496185296840722,0.0541904185202815
"SVM","Repeat_28_Fold_05",28,"Fold_05",5,0.0415151186232461,0.000726593508776781,0.0424978092664246,0.0426967794656421,0.0429374550656435,0.0429683056407997
"SVM","Repeat_29_Fold_01",29,"Fold_01",1,0.0382518200624557,0.0393411311915956,0.0988224978723515,0.124595166587637,0.165428774258901,0.116934082445647
"SVM","Repeat_29_Fold_02",29,"Fold_02",2,0.0384836268851202,0.0232001358568019,0.0732705503319104,0.0843220955072523,0.102809520163334,0.0848838985987239
"SVM","Repeat_29_Fold_03",29,"Fold_03",3,0.0397991360837552,0.00767220474434811,0.0437634317507892,0.0446570499326887,0.0609032127956175,0.0551435455724514
"SVM","Repeat_29_Fold_04",29,"Fold_04",4,0.0437394924864794,0.076445154573919,0.0818429951360878,0.170295588319658,0.437448338131204,0.196629801634317
"SVM","Repeat_29_Fold_05",29,"Fold_05",5,0.0383887228972067,0.0161852477942007,0.0628646579659363,0.0679390299009041,0.0773227628486199,0.0707592184856082
"SVM","Repeat_30_Fold_01",30,"Fold_01",1,0.0418662416492032,0.00831405386960706,0.04370404286386,0.045156183538159,0.0783731287072829,0.0584943493884173
"SVM","Repeat_30_Fold_02",30,"Fold_02",2,0.0395757270815905,0.032124059224141,0.085078637064194,0.109391344062038,0.138746441656057,0.103823845529872
"SVM","Repeat_30_Fold_03",30,"Fold_03",3,0.038219865782997,0.0359839360899342,0.0939406079270013,0.115997639574207,0.152739576629415,0.110187737962865
"SVM","Repeat_30_Fold_04",30,"Fold_04",4,0.041480367009835,0.000556248519617546,0.0416373880481253,0.0418828227770973,0.0444970844399242,0.0425928640490701
"SVM","Repeat_30_Fold_05",30,"Fold_05",5,0.0356215046731473,0.0381819555732133,0.0901691828695388,0.113642634830484,0.152961811212791,0.111985415819574
